id_departamento,precio_venta,a√±o_mes
1083,2018,2016-01-01
743,2032,2016-01-01
539,2095,2016-01-01
58,2052,2016-01-01
1821,2140,2017-01-01
1259,2203,2017-01-01
859,2303,2017-01-01
1284,1574,2010-01-01
1338,1610,2010-01-01
486,1665,2010-01-01
1378,1809,2010-01-01
2241,1783,2011-01-01
1063,1774,2011-01-01
79,1868,2011-01-01
2969,2020,2011-01-01
2508,2024,2012-01-01
468,2088,2012-01-01
599,1974,2012-01-01
1227,2117,2012-01-01
1482,2386,2013-01-01
1008,2296,2013-01-01
1671,2196,2013-01-01
1570,2154,2013-01-01
986,2115,2014-01-01
2823,2130,2014-01-01
2826,2046,2014-01-01
340,2172,2014-01-01
1605,2075,2015-01-01
2923,2093,2015-01-01
2532,2125,2015-01-01
2101,2167,2015-01-01
459,2193,2016-01-01
1934,2185,2016-01-01
630,2258,2016-01-01
1289,2260,2016-01-01
2753,2282,2017-01-01
1403,2290,2017-01-01
1373,2386,2017-01-01
2504,2468,2017-01-01
2199,2680,2018-01-01
2897,2755,2018-01-01
2564,2756,2018-01-01
744,2730,2018-01-01
688,2695,2019-01-01
3070,2640,2019-01-01
2842,1451,2010-01-01
578,1492,2010-01-01
323,1515,2010-01-01
1326,1525,2010-01-01
2311,1526,2011-01-01
2526,1564,2011-01-01
2147,1601,2011-01-01
907,1801,2011-01-01
859,1879,2012-01-01
2277,1951,2012-01-01
1448,1651,2012-01-01
2546,1689,2012-01-01
3052,1709,2013-01-01
2920,1733,2013-01-01
2334,1793,2013-01-01
1809,1764,2013-01-01
925,1787,2014-01-01
2079,1775,2014-01-01
729,1831,2014-01-01
1866,1836,2014-01-01
197,1846,2015-01-01
2327,1838,2015-01-01
235,1854,2015-01-01
1502,1850,2015-01-01
1021,1906,2016-01-01
2990,1883,2016-01-01
2295,1927,2016-01-01
2922,1933,2016-01-01
1140,1972,2017-01-01
2,1985,2017-01-01
1007,2003,2017-01-01
1769,2149,2017-01-01
711,2197,2018-01-01
1559,2319,2018-01-01
1737,2291,2018-01-01
1788,2289,2018-01-01
117,2245,2019-01-01
240,2272,2019-01-01
1027,1352,2010-01-01
1735,1349,2010-01-01
2250,1328,2010-01-01
1512,1511,2010-01-01
3023,1535,2011-01-01
763,1617,2011-01-01
40,1707,2011-01-01
1784,1831,2011-01-01
1375,2093,2012-01-01
1347,2078,2013-01-01
648,2003,2015-01-01
2619,2100,2015-01-01
2913,2095,2015-01-01
476,2090,2015-01-01
2045,2124,2016-01-01
2259,2157,2016-01-01
1816,2188,2016-01-01
2403,2275,2016-01-01
3033,2299,2017-01-01
2459,2130,2017-01-01
1689,2095,2017-01-01
920,2183,2017-01-01
2393,2370,2018-01-01
520,2531,2018-01-01
2515,2480,2018-01-01
600,2501,2018-01-01
3038,2490,2019-01-01
1010,2536,2019-01-01
2550,1973,2010-01-01
2385,2031,2010-01-01
457,2174,2010-01-01
3059,2182,2010-01-01
134,2218,2011-01-01
2477,2324,2011-01-01
124,2416,2011-01-01
941,2603,2011-01-01
484,2730,2012-01-01
2122,2603,2012-01-01
525,2534,2012-01-01
788,2292,2012-01-01
436,2697,2013-01-01
2129,2366,2013-01-01
1465,2555,2013-01-01
2785,2543,2014-01-01
1231,2373,2014-01-01
1383,2589,2014-01-01
2309,2584,2014-01-01
946,2527,2015-01-01
2671,2556,2015-01-01
269,2516,2015-01-01
750,2623,2015-01-01
48,2694,2016-01-01
2207,2700,2016-01-01
292,2757,2016-01-01
237,2869,2016-01-01
1640,2945,2017-01-01
2887,2933,2017-01-01
827,3077,2017-01-01
2074,3376,2017-01-01
835,3473,2018-01-01
2651,3517,2018-01-01
2232,3479,2018-01-01
176,3450,2018-01-01
466,3430,2019-01-01
2222,3431,2019-01-01
40,1126,2010-01-01
1104,1156,2010-01-01
1447,1095,2010-01-01
1134,1052,2010-01-01
1281,1054,2011-01-01
593,1123,2011-01-01
114,1180,2011-01-01
261,1638,2015-01-01
175,1636,2015-01-01
2500,1691,2015-01-01
2681,1601,2015-01-01
208,1545,2016-01-01
974,1651,2016-01-01
1873,1606,2016-01-01
899,1574,2016-01-01
691,1701,2017-01-01
1868,1674,2017-01-01
2457,1706,2017-01-01
2372,1694,2017-01-01
1123,1716,2018-01-01
761,1865,2018-01-01
2204,1829,2018-01-01
2247,1723,2018-01-01
2990,1893,2019-01-01
1884,1259,2010-01-01
2395,1433,2010-01-01
2648,1415,2010-01-01
2564,1874,2015-01-01
3067,1878,2015-01-01
2172,1892,2015-01-01
2772,1894,2015-01-01
2848,1934,2016-01-01
2835,1987,2016-01-01
2019,2062,2016-01-01
298,2073,2016-01-01
2752,2109,2017-01-01
1653,2055,2017-01-01
1613,2243,2017-01-01
415,2188,2017-01-01
2361,2465,2018-01-01
2995,2428,2018-01-01
1793,2394,2018-01-01
338,2361,2018-01-01
3010,2481,2019-01-01
66,2423,2019-01-01
2877,1600,2010-01-01
1789,1532,2010-01-01
777,1619,2010-01-01
2811,1687,2010-01-01
2871,1644,2011-01-01
2081,1914,2011-01-01
1417,1949,2011-01-01
2544,2141,2011-01-01
210,2120,2012-01-01
2899,2209,2012-01-01
212,2145,2012-01-01
242,2131,2012-01-01
1916,2211,2013-01-01
379,2194,2013-01-01
1198,2105,2013-01-01
908,2092,2013-01-01
297,2091,2014-01-01
2898,2064,2014-01-01
1927,2118,2014-01-01
505,2014,2014-01-01
1821,2192,2015-01-01
997,2122,2015-01-01
728,2141,2015-01-01
2889,2203,2015-01-01
757,2240,2016-01-01
1843,2295,2016-01-01
1443,2367,2016-01-01
1218,2401,2016-01-01
2292,2424,2017-01-01
2524,2442,2017-01-01
2720,2527,2017-01-01
2301,2781,2017-01-01
2936,2758,2018-01-01
2318,2848,2018-01-01
991,2876,2018-01-01
1740,2895,2018-01-01
890,2854,2019-01-01
1469,2780,2019-01-01
2958,1826,2010-01-01
2364,1718,2010-01-01
924,1789,2011-01-01
152,2232,2014-01-01
2003,2227,2015-01-01
1683,2186,2015-01-01
2807,2184,2015-01-01
1110,2241,2015-01-01
88,2351,2016-01-01
1681,2397,2016-01-01
1246,2298,2016-01-01
212,2315,2016-01-01
2982,2511,2017-01-01
2136,2517,2017-01-01
237,2606,2017-01-01
2164,2614,2017-01-01
1430,2833,2018-01-01
1005,2701,2018-01-01
529,2773,2018-01-01
2827,2809,2018-01-01
2242,2860,2019-01-01
2552,2312,2015-01-01
842,2323,2015-01-01
1341,2409,2015-01-01
168,2397,2015-01-01
898,2449,2016-01-01
1260,2490,2016-01-01
1851,2480,2016-01-01
1140,2492,2016-01-01
2905,2732,2017-01-01
1992,2778,2017-01-01
2016,2801,2017-01-01
1055,3214,2017-01-01
937,3558,2018-01-01
1800,3516,2019-01-01
912,3276,2019-01-01
3036,1794,2010-01-01
3076,2001,2010-01-01
3083,2163,2011-01-01
350,2532,2015-01-01
2039,2558,2015-01-01
2901,2582,2015-01-01
2806,2510,2015-01-01
2799,2662,2016-01-01
2040,2747,2016-01-01
2294,2826,2016-01-01
1923,2886,2016-01-01
452,2846,2017-01-01
21,2852,2017-01-01
922,2915,2017-01-01
398,3118,2017-01-01
1910,3282,2018-01-01
2184,3353,2018-01-01
2388,3405,2018-01-01
186,3467,2018-01-01
68,3524,2019-01-01
2225,3407,2019-01-01
1854,1254,2010-01-01
2793,1300,2010-01-01
144,1294,2010-01-01
2991,1298,2010-01-01
2037,1287,2011-01-01
1862,1330,2011-01-01
1970,1445,2011-01-01
759,1521,2015-01-01
1367,1488,2015-01-01
3065,1551,2015-01-01
3051,1562,2015-01-01
431,1673,2016-01-01
1563,1701,2016-01-01
2320,1713,2016-01-01
2673,1727,2016-01-01
2374,1731,2017-01-01
905,1773,2017-01-01
2511,1802,2017-01-01
2116,1846,2017-01-01
1528,1891,2018-01-01
1830,1958,2018-01-01
137,1930,2018-01-01
1442,1965,2018-01-01
970,1916,2019-01-01
1789,1872,2019-01-01
1647,1443,2010-01-01
1271,1467,2010-01-01
2230,1449,2010-01-01
870,1443,2010-01-01
2567,1380,2011-01-01
973,1439,2011-01-01
1118,1566,2011-01-01
73,1747,2011-01-01
1315,1750,2012-01-01
464,1836,2012-01-01
3048,1953,2012-01-01
2252,2043,2012-01-01
513,1811,2013-01-01
2702,1791,2013-01-01
2823,1972,2013-01-01
1931,2003,2014-01-01
2385,1786,2014-01-01
851,1912,2014-01-01
1560,1803,2014-01-01
1505,1853,2015-01-01
2911,1892,2015-01-01
636,1906,2015-01-01
1751,1914,2015-01-01
1574,1960,2016-01-01
2667,1936,2016-01-01
601,1981,2016-01-01
1622,2018,2016-01-01
2771,2083,2017-01-01
1347,2096,2017-01-01
2660,2052,2017-01-01
2131,2188,2017-01-01
2515,2314,2018-01-01
468,2356,2018-01-01
1983,2366,2018-01-01
2329,2434,2018-01-01
1215,2402,2019-01-01
1667,2427,2019-01-01
1340,1282,2010-01-01
449,1435,2010-01-01
878,1415,2011-01-01
2982,1399,2011-01-01
2004,1575,2011-01-01
2622,1900,2012-01-01
275,1944,2013-01-01
101,1740,2014-01-01
1911,1713,2015-01-01
794,1693,2015-01-01
2162,1763,2015-01-01
824,1782,2015-01-01
2203,1876,2016-01-01
711,1886,2016-01-01
2775,1870,2016-01-01
2340,1901,2016-01-01
1318,1891,2017-01-01
534,1919,2017-01-01
403,1999,2017-01-01
1488,2051,2017-01-01
316,2162,2018-01-01
2444,2193,2018-01-01
1044,2184,2018-01-01
1961,2077,2018-01-01
2093,2072,2019-01-01
2382,2099,2019-01-01
306,2070,2017-01-01
763,1134,2010-01-01
2332,1231,2010-01-01
1287,1225,2011-01-01
2723,1399,2011-01-01
2670,1619,2011-01-01
894,1492,2012-01-01
1191,1382,2014-01-01
949,1440,2014-01-01
2966,1684,2015-01-01
120,1776,2015-01-01
1800,1820,2015-01-01
1972,1890,2016-01-01
2798,1891,2016-01-01
2792,1832,2016-01-01
346,1948,2016-01-01
1440,1929,2017-01-01
867,1882,2017-01-01
217,2027,2017-01-01
707,2015,2017-01-01
1972,2033,2018-01-01
2199,2133,2018-01-01
1238,2097,2018-01-01
2160,2199,2018-01-01
2496,1264,2010-01-01
584,1295,2011-01-01
1780,1318,2011-01-01
2361,1335,2011-01-01
1901,1609,2013-01-01
1257,1703,2013-01-01
1430,1778,2014-01-01
1782,1828,2015-01-01
1163,1813,2015-01-01
473,1874,2015-01-01
140,1882,2015-01-01
2502,1966,2016-01-01
792,1954,2016-01-01
2801,1960,2016-01-01
2297,2011,2016-01-01
1366,2014,2017-01-01
33,1912,2017-01-01
2785,1976,2017-01-01
1212,1988,2017-01-01
239,2394,2019-01-01
2424,1582,2010-01-01
693,1734,2011-01-01
1498,1838,2011-01-01
62,1961,2013-01-01
1609,1916,2013-01-01
2240,1895,2015-01-01
303,1950,2015-01-01
1201,1959,2015-01-01
1802,1873,2015-01-01
1918,1914,2016-01-01
433,1965,2016-01-01
1739,1988,2016-01-01
1559,2002,2016-01-01
2094,2070,2017-01-01
2515,2060,2017-01-01
521,2245,2017-01-01
530,2344,2017-01-01
393,2607,2018-01-01
1673,2420,2019-01-01
433,1450,2010-01-01
847,1473,2010-01-01
1421,1583,2010-01-01
2789,1546,2010-01-01
3083,1600,2011-01-01
958,1703,2011-01-01
2025,1723,2011-01-01
737,1910,2015-01-01
477,1906,2015-01-01
1034,1945,2015-01-01
2911,1918,2015-01-01
2950,1958,2016-01-01
1475,1941,2016-01-01
3057,1911,2016-01-01
314,1899,2016-01-01
1002,1953,2017-01-01
2993,1952,2017-01-01
464,2022,2017-01-01
2881,2188,2017-01-01
2628,2322,2018-01-01
515,2373,2018-01-01
96,2358,2018-01-01
663,2312,2018-01-01
2846,2346,2019-01-01
633,2346,2019-01-01
1912,1351,2010-01-01
1756,1786,2010-01-01
527,1985,2010-01-01
1996,2421,2014-01-01
2104,2576,2015-01-01
1429,2602,2015-01-01
1804,2691,2015-01-01
1760,2709,2015-01-01
446,2760,2016-01-01
1220,2811,2016-01-01
2097,2857,2016-01-01
1970,2984,2016-01-01
708,2934,2017-01-01
2463,2956,2017-01-01
254,3276,2017-01-01
2421,3500,2017-01-01
2324,3584,2018-01-01
228,3650,2018-01-01
1223,3608,2018-01-01
1879,3600,2018-01-01
1590,3575,2019-01-01
2173,3493,2019-01-01
793,2012,2010-01-01
1147,2175,2010-01-01
487,2308,2010-01-01
1370,2397,2010-01-01
1809,2385,2011-01-01
2583,2450,2011-01-01
1691,2586,2011-01-01
2546,2579,2011-01-01
304,2593,2012-01-01
1654,2825,2012-01-01
1127,2799,2012-01-01
3003,2756,2012-01-01
2706,2798,2013-01-01
69,2771,2013-01-01
2137,2590,2013-01-01
2628,2764,2013-01-01
861,2674,2014-01-01
2752,2501,2014-01-01
2482,2629,2014-01-01
35,2578,2014-01-01
1454,2701,2015-01-01
934,2754,2015-01-01
3055,2754,2015-01-01
1767,2798,2015-01-01
591,2905,2016-01-01
2127,2952,2016-01-01
513,3095,2016-01-01
1997,3105,2016-01-01
1461,3106,2017-01-01
1063,3253,2017-01-01
2012,3316,2017-01-01
1449,3376,2017-01-01
185,3642,2018-01-01
2485,3747,2018-01-01
1594,3760,2018-01-01
657,3670,2018-01-01
1238,3640,2019-01-01
1943,3594,2019-01-01
1010,1255,2010-01-01
2614,905,2011-01-01
2622,1292,2011-01-01
706,1397,2011-01-01
1496,1825,2014-01-01
2038,1829,2014-01-01
2327,1819,2015-01-01
2731,1765,2015-01-01
1228,1815,2016-01-01
1760,1814,2016-01-01
1131,1814,2016-01-01
2958,1838,2016-01-01
970,1870,2017-01-01
2073,2103,2019-01-01
2633,1430,2010-01-01
2456,1432,2010-01-01
3061,1247,2010-01-01
253,2127,2012-01-01
75,2082,2015-01-01
2641,2158,2015-01-01
2012,2155,2015-01-01
991,2125,2015-01-01
710,2171,2016-01-01
1776,2105,2016-01-01
2034,2224,2016-01-01
447,2184,2016-01-01
1923,2343,2017-01-01
2862,2434,2017-01-01
262,2425,2017-01-01
1547,2531,2018-01-01
1945,2607,2018-01-01
569,2580,2018-01-01
221,2502,2018-01-01
404,2484,2019-01-01
2322,2480,2019-01-01
824,2162,2015-01-01
279,2378,2016-01-01
1966,2321,2016-01-01
371,2303,2016-01-01
78,2359,2017-01-01
1769,1297,2010-01-01
1371,1373,2010-01-01
2993,1575,2011-01-01
201,1539,2011-01-01
2204,1542,2011-01-01
2237,1769,2015-01-01
2492,1771,2015-01-01
3041,1793,2015-01-01
1278,1768,2015-01-01
2993,1969,2016-01-01
2080,1886,2016-01-01
2293,2045,2016-01-01
320,1970,2016-01-01
1408,1872,2017-01-01
2212,1929,2017-01-01
2963,2006,2017-01-01
924,2012,2017-01-01
677,2057,2018-01-01
2501,2135,2018-01-01
2714,2145,2018-01-01
5,2217,2019-01-01
1831,2199,2019-01-01
1207,5002,2015-01-01
35,5286,2015-01-01
2671,5593,2015-01-01
2891,5474,2015-01-01
561,5508,2016-01-01
1919,5512,2016-01-01
211,5503,2016-01-01
1654,6034,2016-01-01
996,5855,2017-01-01
407,5984,2017-01-01
416,6038,2017-01-01
2317,6329,2017-01-01
2364,6077,2018-01-01
1,6187,2018-01-01
580,6487,2018-01-01
2999,6422,2018-01-01
567,6389,2019-01-01
1045,6319,2019-01-01
1625,2120,2010-01-01
900,2157,2010-01-01
1442,2185,2010-01-01
1631,2405,2010-01-01
1135,2368,2011-01-01
266,2411,2011-01-01
10,2564,2011-01-01
2591,2692,2011-01-01
638,2990,2012-01-01
285,2804,2012-01-01
1556,3116,2012-01-01
1677,2805,2013-01-01
2919,2619,2013-01-01
2612,2836,2013-01-01
2297,2636,2013-01-01
2025,2504,2014-01-01
1658,2764,2014-01-01
9,2598,2014-01-01
3012,2730,2015-01-01
1555,2753,2015-01-01
179,2853,2015-01-01
1174,2833,2015-01-01
801,2824,2016-01-01
1164,2873,2016-01-01
746,3025,2016-01-01
412,3007,2016-01-01
2395,3085,2017-01-01
1078,3088,2017-01-01
1841,3180,2017-01-01
160,3265,2017-01-01
2222,3496,2018-01-01
91,3559,2018-01-01
2622,3383,2018-01-01
346,3460,2018-01-01
1863,3418,2019-01-01
1845,3325,2019-01-01
1450,2130,2010-01-01
100,2443,2015-01-01
1916,2476,2015-01-01
2900,2634,2015-01-01
2499,2624,2015-01-01
2173,2615,2016-01-01
1094,2687,2016-01-01
2230,2653,2016-01-01
2646,2617,2016-01-01
1896,2580,2017-01-01
1772,2675,2017-01-01
1678,2784,2017-01-01
2655,2928,2017-01-01
1983,3012,2018-01-01
749,2956,2018-01-01
500,2962,2018-01-01
790,3076,2018-01-01
1716,3104,2019-01-01
2590,2967,2019-01-01
1487,1794,2010-01-01
702,1847,2010-01-01
926,2052,2011-01-01
1551,2060,2011-01-01
2108,2274,2012-01-01
1158,2051,2012-01-01
1895,2417,2013-01-01
2325,2127,2013-01-01
1895,2190,2014-01-01
1692,2197,2014-01-01
1927,2226,2015-01-01
191,2210,2015-01-01
605,2231,2015-01-01
901,2251,2015-01-01
1091,2319,2016-01-01
2949,2475,2016-01-01
740,2556,2016-01-01
1054,2593,2016-01-01
2321,2816,2017-01-01
1557,2750,2017-01-01
2655,2889,2017-01-01
2748,3006,2017-01-01
2495,3017,2018-01-01
1158,3263,2018-01-01
372,3162,2018-01-01
2239,3169,2019-01-01
2365,3109,2019-01-01
2432,1305,2010-01-01
1430,1368,2010-01-01
8,1480,2010-01-01
457,1381,2010-01-01
1906,1415,2011-01-01
2879,1572,2011-01-01
1116,1570,2011-01-01
760,1812,2015-01-01
2397,1819,2015-01-01
1064,1861,2015-01-01
914,1895,2015-01-01
556,1939,2016-01-01
415,1853,2016-01-01
2706,1866,2016-01-01
2539,1880,2016-01-01
67,1913,2017-01-01
1084,1977,2017-01-01
2716,2033,2017-01-01
2397,2105,2017-01-01
981,2202,2018-01-01
2363,2389,2018-01-01
596,2339,2018-01-01
290,2291,2018-01-01
913,2294,2019-01-01
772,2235,2019-01-01
229,1688,2010-01-01
2226,1692,2010-01-01
1985,1773,2010-01-01
1259,1683,2010-01-01
84,1825,2011-01-01
1503,1864,2011-01-01
1580,1811,2011-01-01
2577,2340,2012-01-01
1454,2074,2012-01-01
2254,1995,2015-01-01
2861,1968,2015-01-01
1081,1960,2015-01-01
2826,1969,2015-01-01
562,2042,2016-01-01
275,2053,2016-01-01
303,2099,2016-01-01
640,2083,2016-01-01
2005,2202,2017-01-01
725,2142,2017-01-01
249,2231,2017-01-01
768,2338,2017-01-01
382,2315,2018-01-01
2061,2412,2018-01-01
1070,2473,2018-01-01
2799,2464,2018-01-01
222,2447,2019-01-01
2084,2470,2019-01-01
804,1607,2010-01-01
2468,1657,2011-01-01
1555,1593,2011-01-01
2715,1672,2011-01-01
2231,2019,2015-01-01
2229,2029,2015-01-01
689,2048,2015-01-01
189,2118,2015-01-01
1701,2119,2016-01-01
2612,2158,2016-01-01
2769,2242,2016-01-01
111,2209,2016-01-01
2628,2180,2017-01-01
1726,2126,2017-01-01
542,2318,2017-01-01
1017,2395,2017-01-01
2735,2489,2018-01-01
234,2500,2018-01-01
591,2440,2018-01-01
2365,2448,2018-01-01
2750,2466,2019-01-01
2842,2369,2019-01-01
2142,1351,2010-01-01
1877,1347,2010-01-01
1803,1640,2011-01-01
2478,1824,2013-01-01
953,1789,2015-01-01
1455,1768,2015-01-01
1298,1723,2015-01-01
2467,1757,2015-01-01
1596,1768,2016-01-01
475,1748,2016-01-01
1196,1851,2016-01-01
1100,1854,2016-01-01
1331,1911,2017-01-01
2751,1967,2017-01-01
1125,1951,2017-01-01
395,2043,2017-01-01
1331,2264,2018-01-01
2922,2299,2018-01-01
744,2197,2018-01-01
1227,2167,2018-01-01
2718,2232,2019-01-01
710,2289,2019-01-01
2694,1564,2010-01-01
875,1648,2010-01-01
2045,1704,2010-01-01
224,1769,2010-01-01
2298,1747,2011-01-01
2142,1849,2011-01-01
1543,1958,2011-01-01
1858,2211,2011-01-01
2479,2157,2012-01-01
1829,2144,2012-01-01
2107,2142,2012-01-01
1041,2250,2012-01-01
1606,2307,2013-01-01
3069,2152,2013-01-01
2212,2206,2013-01-01
1961,2178,2014-01-01
1494,2122,2014-01-01
1513,2088,2014-01-01
2464,2085,2014-01-01
1165,2138,2015-01-01
1785,2164,2015-01-01
2200,2178,2015-01-01
1287,2169,2015-01-01
2906,2230,2016-01-01
807,2237,2016-01-01
82,2268,2016-01-01
1341,2285,2016-01-01
1492,2399,2017-01-01
778,2400,2017-01-01
1560,2478,2017-01-01
1404,2602,2017-01-01
485,2734,2018-01-01
2177,2747,2018-01-01
701,2870,2018-01-01
2433,2856,2018-01-01
3029,2778,2019-01-01
2220,2764,2019-01-01
1863,1568,2010-01-01
721,1538,2010-01-01
1199,2005,2012-01-01
2822,2048,2012-01-01
877,1809,2012-01-01
1328,2124,2013-01-01
1567,2030,2013-01-01
2745,2000,2013-01-01
1752,2101,2014-01-01
1489,2140,2014-01-01
1352,2114,2014-01-01
758,2016,2015-01-01
1834,2058,2015-01-01
251,2072,2015-01-01
142,2144,2015-01-01
861,2202,2016-01-01
1015,2199,2016-01-01
2078,2262,2016-01-01
116,2233,2016-01-01
1890,2239,2017-01-01
1151,2299,2017-01-01
2504,2292,2017-01-01
1954,2350,2017-01-01
340,2413,2018-01-01
3051,2543,2018-01-01
27,2658,2018-01-01
2863,2739,2018-01-01
288,2683,2019-01-01
1941,1517,2010-01-01
767,1632,2010-01-01
674,1663,2011-01-01
1268,1693,2011-01-01
1934,1847,2013-01-01
1255,2075,2013-01-01
528,2320,2013-01-01
1530,2177,2014-01-01
2468,1906,2014-01-01
2371,2150,2014-01-01
2644,2136,2014-01-01
2992,2101,2015-01-01
2753,2096,2015-01-01
1495,2103,2015-01-01
1741,2124,2015-01-01
347,2214,2016-01-01
881,2087,2016-01-01
2661,2204,2016-01-01
2686,2218,2016-01-01
15,2248,2017-01-01
1502,2297,2017-01-01
1123,2349,2017-01-01
1133,2525,2017-01-01
702,2595,2018-01-01
3033,2813,2018-01-01
2338,2816,2018-01-01
55,2788,2018-01-01
1720,2863,2019-01-01
1675,2719,2019-01-01
2447,1772,2011-01-01
521,1883,2015-01-01
1678,1879,2015-01-01
1037,1913,2015-01-01
2727,1886,2015-01-01
2249,1939,2016-01-01
2060,1997,2016-01-01
914,2025,2016-01-01
2859,2041,2016-01-01
1193,2225,2017-01-01
1213,2140,2017-01-01
1907,2187,2017-01-01
704,2213,2017-01-01
2940,2270,2018-01-01
1032,2226,2018-01-01
2397,2391,2018-01-01
1510,2402,2018-01-01
63,2353,2019-01-01
730,1225,2011-01-01
2184,1133,2011-01-01
709,1569,2014-01-01
1224,1863,2014-01-01
962,1803,2015-01-01
670,1862,2015-01-01
308,1888,2015-01-01
296,1956,2015-01-01
865,1933,2016-01-01
30,1987,2016-01-01
2626,2049,2016-01-01
838,2083,2016-01-01
2636,2147,2017-01-01
1154,2097,2017-01-01
392,2141,2017-01-01
1748,2233,2017-01-01
2407,2339,2018-01-01
1951,2483,2018-01-01
2232,2347,2018-01-01
2802,2491,2018-01-01
453,2393,2019-01-01
1058,2481,2019-01-01
1542,1809,2012-01-01
1786,2211,2015-01-01
3054,2253,2015-01-01
2592,2221,2015-01-01
1007,2268,2015-01-01
2194,2259,2016-01-01
2939,2385,2016-01-01
2446,2330,2016-01-01
1157,2374,2016-01-01
1403,2449,2017-01-01
657,2382,2017-01-01
2797,2438,2017-01-01
1886,3103,2018-01-01
932,3298,2019-01-01
3029,1578,2010-01-01
591,1646,2010-01-01
638,1728,2011-01-01
762,2139,2014-01-01
1418,1991,2015-01-01
1328,1993,2015-01-01
1434,2111,2015-01-01
1629,2103,2015-01-01
1205,2208,2016-01-01
936,2268,2016-01-01
1204,2228,2016-01-01
1265,2242,2016-01-01
229,2367,2017-01-01
2803,2374,2017-01-01
1234,2402,2017-01-01
777,2606,2017-01-01
1680,2992,2018-01-01
1028,2912,2019-01-01
940,2951,2019-01-01
2384,1301,2010-01-01
2332,1358,2010-01-01
1617,1368,2011-01-01
3061,1350,2010-01-01
3065,1581,2011-01-01
2015,1749,2011-01-01
1853,2042,2013-01-01
2404,1970,2014-01-01
1701,2071,2014-01-01
629,1926,2015-01-01
1826,1974,2015-01-01
2668,1980,2015-01-01
378,2015,2015-01-01
343,1981,2016-01-01
2614,1961,2016-01-01
2717,2035,2016-01-01
2134,2028,2016-01-01
3018,2083,2017-01-01
2435,2084,2017-01-01
1866,2087,2017-01-01
2217,2273,2017-01-01
1904,2337,2018-01-01
1185,2391,2018-01-01
1430,2330,2018-01-01
1198,2358,2018-01-01
3006,2498,2019-01-01
1087,1625,2010-01-01
1095,1696,2010-01-01
955,1743,2010-01-01
2353,1812,2010-01-01
1873,1738,2011-01-01
25,1911,2011-01-01
2680,2038,2011-01-01
2644,2216,2011-01-01
212,2044,2012-01-01
1212,2184,2012-01-01
207,2367,2012-01-01
2127,2343,2012-01-01
2582,2367,2013-01-01
167,2318,2013-01-01
2846,2406,2013-01-01
1657,2234,2014-01-01
805,2321,2014-01-01
1162,2313,2014-01-01
1235,2444,2014-01-01
2117,2260,2015-01-01
2280,2259,2015-01-01
433,2291,2015-01-01
318,2344,2015-01-01
2732,2471,2016-01-01
1147,2486,2016-01-01
1952,2524,2016-01-01
2545,2550,2016-01-01
940,2656,2017-01-01
2410,2668,2017-01-01
1185,2794,2017-01-01
865,2883,2017-01-01
275,3114,2018-01-01
1639,3214,2018-01-01
2788,3179,2018-01-01
174,3148,2018-01-01
1749,3118,2019-01-01
2783,3217,2019-01-01
2251,1977,2016-01-01
2474,2010,2016-01-01
2469,2100,2016-01-01
2772,2161,2017-01-01
1232,1384,2010-01-01
1237,1423,2010-01-01
545,1509,2010-01-01
79,1570,2010-01-01
907,1579,2011-01-01
1763,1655,2011-01-01
442,1705,2011-01-01
1427,1914,2011-01-01
1186,1910,2012-01-01
62,1924,2012-01-01
1974,2060,2012-01-01
190,2079,2012-01-01
2493,2005,2013-01-01
1799,1964,2013-01-01
186,2270,2013-01-01
68,2155,2013-01-01
2355,1989,2014-01-01
2759,2110,2014-01-01
9,1970,2014-01-01
252,2115,2014-01-01
1968,2047,2015-01-01
2713,2052,2015-01-01
2036,2125,2015-01-01
750,2098,2015-01-01
2406,2109,2016-01-01
637,2116,2016-01-01
1986,2147,2016-01-01
2207,2116,2016-01-01
606,2143,2017-01-01
923,2181,2017-01-01
1617,2243,2017-01-01
1338,2331,2017-01-01
1556,2408,2018-01-01
1001,2505,2018-01-01
1457,2524,2018-01-01
3019,2511,2018-01-01
662,2521,2019-01-01
2613,2544,2019-01-01
517,1241,2010-01-01
772,1252,2010-01-01
400,1315,2010-01-01
419,1319,2010-01-01
249,1424,2011-01-01
943,1474,2011-01-01
1573,1467,2011-01-01
2683,1577,2011-01-01
836,1843,2012-01-01
221,1713,2012-01-01
1587,1709,2012-01-01
1154,1528,2012-01-01
2985,1715,2013-01-01
632,1573,2013-01-01
3070,1694,2013-01-01
2646,1623,2014-01-01
2085,1697,2014-01-01
2737,1805,2014-01-01
2546,1769,2014-01-01
3018,1676,2015-01-01
2437,1675,2015-01-01
45,1704,2015-01-01
642,1775,2016-01-01
318,1775,2016-01-01
1401,1818,2016-01-01
2334,1823,2016-01-01
1207,1874,2017-01-01
1437,1889,2017-01-01
2759,1926,2017-01-01
271,1976,2017-01-01
2884,2023,2018-01-01
631,2147,2018-01-01
2904,2165,2018-01-01
152,2128,2018-01-01
493,2147,2019-01-01
1565,2151,2019-01-01
3026,1347,2010-01-01
3059,1347,2010-01-01
1692,1418,2010-01-01
3017,1473,2010-01-01
1449,1499,2011-01-01
1864,1556,2011-01-01
2749,1599,2011-01-01
718,1731,2011-01-01
2353,1822,2012-01-01
738,2098,2012-01-01
1183,2087,2013-01-01
2138,1945,2014-01-01
2719,2096,2015-01-01
2908,2169,2015-01-01
1221,2095,2015-01-01
2182,2032,2015-01-01
2582,2138,2016-01-01
2604,2036,2016-01-01
588,2073,2016-01-01
1273,2113,2016-01-01
1993,2092,2017-01-01
2418,2074,2017-01-01
404,2146,2017-01-01
1313,2305,2017-01-01
1493,2249,2018-01-01
2872,2255,2018-01-01
1596,2316,2018-01-01
1280,2329,2018-01-01
1993,2420,2019-01-01
250,2419,2019-01-01
163,1877,2010-01-01
957,1880,2010-01-01
1254,1975,2010-01-01
177,2014,2010-01-01
2312,1994,2011-01-01
2598,2053,2011-01-01
2226,2095,2011-01-01
326,2259,2011-01-01
1271,2522,2012-01-01
1485,2468,2012-01-01
2394,2433,2012-01-01
1050,2500,2012-01-01
146,2538,2013-01-01
2848,2496,2013-01-01
273,2357,2013-01-01
2398,2345,2013-01-01
358,2678,2014-01-01
1635,2415,2014-01-01
2901,2258,2014-01-01
444,2349,2014-01-01
3017,2449,2015-01-01
192,2443,2015-01-01
895,2516,2015-01-01
1000,2576,2015-01-01
1710,2614,2016-01-01
522,2688,2016-01-01
1151,2768,2016-01-01
2284,2746,2016-01-01
1473,2841,2017-01-01
339,2865,2017-01-01
1586,3024,2017-01-01
836,3234,2017-01-01
806,3390,2018-01-01
2382,3481,2018-01-01
2289,3407,2018-01-01
1316,3419,2018-01-01
2417,3447,2019-01-01
76,3309,2019-01-01
971,1018,2010-01-01
536,1066,2010-01-01
69,1111,2010-01-01
2652,1081,2010-01-01
1244,1166,2011-01-01
3012,1126,2011-01-01
1393,1129,2011-01-01
2516,1352,2012-01-01
1732,1266,2014-01-01
2959,1309,2015-01-01
3042,1309,2015-01-01
65,1378,2015-01-01
2918,1353,2016-01-01
3074,1444,2016-01-01
2996,1439,2016-01-01
762,1454,2016-01-01
620,1538,2017-01-01
2908,1596,2017-01-01
2287,1594,2017-01-01
880,1666,2017-01-01
529,1779,2018-01-01
3001,1838,2018-01-01
200,1908,2018-01-01
1080,1878,2018-01-01
2555,1876,2019-01-01
132,1306,2010-01-01
2105,1296,2010-01-01
535,1366,2010-01-01
1248,1214,2010-01-01
1815,1693,2014-01-01
2305,1695,2015-01-01
1416,1794,2015-01-01
73,1892,2015-01-01
342,1758,2015-01-01
1483,1753,2016-01-01
820,1740,2016-01-01
1941,1860,2016-01-01
1577,2091,2016-01-01
982,1987,2017-01-01
2133,2037,2017-01-01
318,2045,2017-01-01
2377,2164,2017-01-01
1060,2242,2018-01-01
1689,2269,2018-01-01
609,2243,2018-01-01
2457,2232,2018-01-01
49,2385,2019-01-01
474,2294,2019-01-01
489,1475,2010-01-01
953,1528,2010-01-01
1756,1546,2010-01-01
2867,1607,2010-01-01
1631,1690,2011-01-01
1402,1699,2011-01-01
1633,1749,2011-01-01
2504,1960,2011-01-01
2880,2020,2012-01-01
2964,2070,2012-01-01
611,1979,2012-01-01
2139,2008,2012-01-01
2570,1984,2013-01-01
988,2158,2013-01-01
1945,2052,2013-01-01
1392,2091,2013-01-01
2109,2159,2014-01-01
24,2099,2014-01-01
1515,2117,2014-01-01
48,2060,2014-01-01
527,2110,2015-01-01
871,2107,2015-01-01
2779,2141,2015-01-01
1026,2160,2015-01-01
1038,2229,2016-01-01
147,2182,2016-01-01
588,2275,2016-01-01
2800,2307,2016-01-01
1188,2336,2017-01-01
669,2388,2017-01-01
1069,2410,2017-01-01
1024,2540,2017-01-01
1217,2681,2018-01-01
2019,2750,2018-01-01
2909,2780,2018-01-01
2126,2780,2018-01-01
1086,2774,2019-01-01
1129,2680,2019-01-01
220,1555,2010-01-01
542,1503,2010-01-01
2708,1716,2011-01-01
932,2056,2012-01-01
2173,2242,2012-01-01
1561,2214,2012-01-01
1661,2319,2013-01-01
607,1868,2014-01-01
3073,2007,2015-01-01
631,2184,2015-01-01
2703,2058,2015-01-01
631,2262,2016-01-01
2022,2266,2016-01-01
1338,2112,2016-01-01
238,2252,2016-01-01
1075,2358,2017-01-01
502,2457,2017-01-01
293,2615,2017-01-01
1133,2635,2017-01-01
1232,2655,2018-01-01
838,2984,2018-01-01
1906,2954,2018-01-01
1449,2847,2018-01-01
2893,2874,2019-01-01
2237,2700,2019-01-01
2343,2007,2010-01-01
2168,2438,2015-01-01
787,2416,2015-01-01
2069,2409,2015-01-01
1668,2380,2015-01-01
426,2569,2016-01-01
167,2363,2016-01-01
2648,2602,2016-01-01
1795,2919,2017-01-01
2592,3048,2017-01-01
685,2876,2018-01-01
959,3347,2019-01-01
3016,1796,2010-01-01
2450,1872,2010-01-01
2716,2127,2011-01-01
1143,2221,2011-01-01
2927,2451,2013-01-01
2339,2389,2015-01-01
293,2342,2015-01-01
1340,2582,2015-01-01
976,2558,2015-01-01
849,2453,2016-01-01
1883,2476,2016-01-01
1526,2571,2016-01-01
2458,2679,2016-01-01
1187,2743,2017-01-01
646,2791,2017-01-01
1337,3050,2017-01-01
1863,3136,2017-01-01
2060,3193,2018-01-01
949,3244,2018-01-01
2658,3326,2018-01-01
2634,3209,2018-01-01
1013,3200,2019-01-01
2855,3155,2019-01-01
875,1106,2010-01-01
662,1130,2010-01-01
1207,1150,2010-01-01
2907,1182,2010-01-01
2635,1152,2011-01-01
2626,1251,2011-01-01
2206,1223,2011-01-01
1139,1476,2015-01-01
2737,1449,2015-01-01
1598,1551,2015-01-01
2375,1433,2015-01-01
2854,1507,2016-01-01
623,1523,2016-01-01
372,1544,2016-01-01
2129,1528,2016-01-01
2278,1585,2017-01-01
2470,1625,2017-01-01
1493,1635,2017-01-01
622,1711,2017-01-01
1959,1761,2018-01-01
238,1749,2018-01-01
2186,1767,2018-01-01
1505,1761,2018-01-01
1304,1760,2019-01-01
85,1666,2019-01-01
367,1229,2010-01-01
2803,1223,2010-01-01
1443,1278,2010-01-01
535,1300,2010-01-01
2322,1350,2011-01-01
1323,1378,2011-01-01
1060,1414,2011-01-01
2740,1784,2011-01-01
2342,1705,2012-01-01
1521,1633,2012-01-01
2306,1691,2012-01-01
30,1693,2012-01-01
2974,1721,2013-01-01
534,1750,2013-01-01
1933,1831,2013-01-01
2410,1776,2014-01-01
2464,1709,2014-01-01
1719,1767,2014-01-01
2240,1701,2014-01-01
2115,1763,2015-01-01
1741,1752,2015-01-01
2688,1779,2015-01-01
1983,1831,2016-01-01
825,1864,2016-01-01
2110,1899,2016-01-01
529,1919,2016-01-01
1792,1937,2017-01-01
1073,1992,2017-01-01
1409,2018,2017-01-01
2475,2076,2017-01-01
1626,2171,2018-01-01
3079,2218,2018-01-01
2634,2215,2018-01-01
1006,2192,2018-01-01
2616,2284,2019-01-01
2530,2260,2019-01-01
286,1223,2010-01-01
1291,1230,2010-01-01
1341,1216,2011-01-01
144,1385,2011-01-01
1567,1421,2011-01-01
1611,1590,2011-01-01
2438,1559,2012-01-01
2603,1594,2012-01-01
1276,1704,2013-01-01
577,1618,2014-01-01
13,1639,2014-01-01
1418,1691,2015-01-01
717,1715,2015-01-01
1568,1763,2015-01-01
588,1752,2015-01-01
939,1734,2016-01-01
1372,1731,2016-01-01
1972,1806,2016-01-01
2946,1769,2016-01-01
1120,1817,2017-01-01
1768,1821,2017-01-01
1755,1834,2017-01-01
693,1921,2017-01-01
3085,1961,2018-01-01
2784,2078,2018-01-01
3020,2016,2018-01-01
1656,2046,2018-01-01
1643,2091,2019-01-01
3073,2066,2019-01-01
2338,1801,2016-01-01
2760,1039,2010-01-01
1237,1037,2010-01-01
2352,1083,2011-01-01
644,1059,2011-01-01
1546,1152,2011-01-01
478,1229,2012-01-01
2442,1504,2013-01-01
1320,1603,2014-01-01
3064,1466,2014-01-01
765,1570,2014-01-01
2958,1603,2015-01-01
353,1628,2015-01-01
1988,1658,2015-01-01
1995,1665,2016-01-01
1718,1649,2016-01-01
2200,1743,2016-01-01
1156,1806,2016-01-01
915,1782,2017-01-01
2637,1782,2017-01-01
2952,1877,2017-01-01
3068,1856,2017-01-01
2548,1936,2018-01-01
554,1952,2018-01-01
1089,2043,2018-01-01
471,2067,2018-01-01
1668,2089,2019-01-01
1767,2009,2019-01-01
1825,1031,2010-01-01
1908,1003,2010-01-01
993,1017,2010-01-01
1222,1016,2010-01-01
1513,920,2011-01-01
2975,944,2011-01-01
1238,1163,2011-01-01
2042,1551,2013-01-01
2408,1597,2014-01-01
1066,1425,2014-01-01
452,1567,2014-01-01
2702,1668,2015-01-01
560,1874,2015-01-01
2189,1802,2015-01-01
1575,1813,2016-01-01
712,1822,2016-01-01
745,1852,2016-01-01
1667,1808,2016-01-01
221,1824,2017-01-01
439,1791,2017-01-01
371,1791,2017-01-01
163,1925,2017-01-01
1972,1872,2018-01-01
2500,1869,2018-01-01
2333,1178,2010-01-01
115,1421,2010-01-01
1451,1180,2011-01-01
1311,1309,2011-01-01
2683,1369,2011-01-01
2661,1887,2014-01-01
758,1874,2015-01-01
451,1992,2015-01-01
253,1959,2015-01-01
2394,2051,2015-01-01
2575,2063,2016-01-01
1049,2028,2016-01-01
1101,2019,2016-01-01
2481,2075,2016-01-01
3045,2125,2017-01-01
2731,2202,2017-01-01
1681,2201,2017-01-01
818,2259,2017-01-01
1118,2343,2018-01-01
1445,2306,2018-01-01
2741,2371,2018-01-01
837,2496,2018-01-01
170,2380,2019-01-01
2265,2407,2019-01-01
3039,1289,2010-01-01
1280,1286,2010-01-01
2228,1325,2010-01-01
2573,1400,2010-01-01
921,1441,2011-01-01
1588,1469,2011-01-01
1593,1590,2011-01-01
1474,1713,2015-01-01
1201,1724,2015-01-01
17,1724,2015-01-01
2882,1856,2016-01-01
386,1815,2016-01-01
1205,1888,2016-01-01
154,1893,2016-01-01
1488,1904,2017-01-01
581,1904,2017-01-01
2860,1946,2017-01-01
955,2073,2017-01-01
183,2131,2018-01-01
2758,2201,2018-01-01
2616,2219,2018-01-01
1497,2200,2018-01-01
499,2154,2019-01-01
909,2131,2019-01-01
1847,957,2010-01-01
460,1026,2010-01-01
1934,1006,2011-01-01
2788,981,2011-01-01
1216,1079,2011-01-01
485,1700,2010-01-01
1127,1705,2010-01-01
1512,1998,2010-01-01
3066,2049,2010-01-01
1916,2082,2011-01-01
220,2291,2011-01-01
2109,2161,2011-01-01
1946,2341,2011-01-01
757,2614,2012-01-01
1515,2371,2012-01-01
1194,2592,2013-01-01
2682,2379,2014-01-01
935,2448,2014-01-01
2723,2506,2015-01-01
1089,2460,2015-01-01
1617,2691,2015-01-01
3082,2499,2015-01-01
2317,2700,2016-01-01
637,2584,2016-01-01
2040,2702,2016-01-01
671,2828,2016-01-01
2913,2927,2017-01-01
638,3101,2017-01-01
1389,3249,2017-01-01
1355,3319,2017-01-01
615,3343,2018-01-01
2783,3495,2018-01-01
19,3481,2018-01-01
739,3463,2018-01-01
1938,3421,2019-01-01
1680,3281,2019-01-01
1245,1935,2010-01-01
1535,2032,2010-01-01
429,2161,2010-01-01
750,2235,2010-01-01
2217,2282,2011-01-01
604,2339,2011-01-01
2795,2368,2011-01-01
2141,2415,2011-01-01
565,2608,2012-01-01
1189,2623,2012-01-01
2033,2681,2012-01-01
769,2742,2012-01-01
402,2621,2013-01-01
1417,2596,2013-01-01
677,2610,2013-01-01
1587,2617,2013-01-01
897,2584,2014-01-01
1999,2693,2014-01-01
1121,2522,2014-01-01
285,2492,2014-01-01
1216,2609,2015-01-01
829,2692,2015-01-01
535,2754,2015-01-01
1198,2689,2015-01-01
1424,2802,2016-01-01
1460,2847,2016-01-01
661,2942,2016-01-01
1177,2985,2016-01-01
1994,3145,2017-01-01
2919,3065,2017-01-01
2414,3188,2017-01-01
2656,3333,2017-01-01
2751,3601,2018-01-01
800,3495,2018-01-01
2711,3477,2018-01-01
1457,3472,2018-01-01
2022,3413,2019-01-01
2996,3426,2019-01-01
1277,1059,2010-01-01
2340,1075,2010-01-01
122,1118,2011-01-01
1445,1136,2011-01-01
2646,1021,2011-01-01
1910,1681,2013-01-01
2263,1604,2014-01-01
2947,1621,2015-01-01
1160,1593,2015-01-01
2352,1578,2015-01-01
79,1556,2016-01-01
6,1610,2016-01-01
1026,1563,2016-01-01
1346,1710,2016-01-01
592,1655,2017-01-01
1290,1740,2017-01-01
441,1714,2017-01-01
2330,1756,2017-01-01
1615,1921,2018-01-01
1168,1857,2018-01-01
1264,1797,2018-01-01
2271,1802,2019-01-01
1693,1794,2019-01-01
1448,1347,2010-01-01
2240,1316,2010-01-01
398,1281,2010-01-01
687,1347,2010-01-01
370,1421,2011-01-01
1903,1502,2011-01-01
1739,1867,2014-01-01
2616,1815,2015-01-01
1557,1840,2015-01-01
449,1938,2015-01-01
400,2058,2016-01-01
2955,2076,2016-01-01
1419,2076,2016-01-01
1556,2122,2016-01-01
3041,2054,2017-01-01
1859,2153,2017-01-01
733,2203,2017-01-01
1871,2401,2017-01-01
2709,2467,2018-01-01
405,2451,2018-01-01
294,2440,2018-01-01
786,2414,2018-01-01
2484,2527,2019-01-01
1339,2463,2019-01-01
1134,2357,2016-01-01
2636,2355,2016-01-01
164,2115,2016-01-01
1081,2312,2017-01-01
1647,1088,2010-01-01
1220,1114,2010-01-01
219,1094,2010-01-01
1869,1215,2010-01-01
2781,1343,2011-01-01
677,1550,2011-01-01
1215,1553,2011-01-01
2142,1624,2015-01-01
1455,1793,2015-01-01
1539,1603,2015-01-01
1631,1659,2016-01-01
1223,1741,2016-01-01
1620,1697,2016-01-01
2127,1732,2016-01-01
2167,1810,2017-01-01
808,1807,2017-01-01
1178,1905,2017-01-01
2507,1932,2017-01-01
1405,1913,2018-01-01
1365,2067,2018-01-01
1336,1917,2019-01-01
2409,1908,2019-01-01
1510,4945,2015-01-01
2311,5057,2015-01-01
1539,5593,2015-01-01
2116,5111,2015-01-01
2393,4999,2016-01-01
1641,5204,2016-01-01
2946,5526,2016-01-01
1217,5766,2016-01-01
1214,5520,2017-01-01
246,5899,2017-01-01
703,5963,2017-01-01
576,5963,2017-01-01
2479,6029,2018-01-01
960,6120,2018-01-01
155,6040,2018-01-01
2250,5973,2018-01-01
2065,5853,2019-01-01
624,5923,2019-01-01
825,2016,2010-01-01
941,2099,2010-01-01
1855,2114,2010-01-01
2213,2167,2010-01-01
1957,2280,2011-01-01
108,2321,2011-01-01
975,2431,2011-01-01
288,2713,2011-01-01
1531,2767,2012-01-01
22,2535,2012-01-01
2634,2709,2012-01-01
987,2704,2012-01-01
3025,2413,2013-01-01
840,2622,2013-01-01
1624,2657,2013-01-01
2,2685,2013-01-01
1666,2574,2014-01-01
988,2388,2014-01-01
126,2624,2014-01-01
1624,2547,2014-01-01
931,2573,2015-01-01
382,2579,2015-01-01
1243,2853,2015-01-01
573,2660,2015-01-01
2556,2701,2016-01-01
1438,2709,2016-01-01
1104,2773,2016-01-01
2591,2813,2016-01-01
2802,2880,2017-01-01
1039,2917,2017-01-01
492,3053,2017-01-01
1094,3203,2017-01-01
1192,3325,2018-01-01
44,3315,2018-01-01
1070,3312,2018-01-01
670,3305,2018-01-01
1858,3268,2019-01-01
2056,3215,2019-01-01
150,2361,2010-01-01
949,2181,2010-01-01
2500,2077,2010-01-01
1086,2143,2011-01-01
1881,2511,2015-01-01
2935,2546,2015-01-01
2783,2634,2015-01-01
355,2562,2015-01-01
1731,2601,2016-01-01
912,2656,2016-01-01
822,2544,2016-01-01
3027,2551,2016-01-01
686,2901,2017-01-01
871,2915,2017-01-01
1612,2893,2017-01-01
553,3090,2017-01-01
2309,3083,2018-01-01
2812,3254,2018-01-01
144,3233,2018-01-01
1521,3261,2018-01-01
892,3327,2019-01-01
2920,3205,2019-01-01
2544,1647,2010-01-01
2578,1651,2010-01-01
265,1575,2010-01-01
1154,1730,2010-01-01
990,1742,2011-01-01
3085,1743,2011-01-01
1099,2452,2012-01-01
58,2622,2013-01-01
1081,2558,2013-01-01
2086,2126,2014-01-01
1,2372,2014-01-01
2820,2211,2015-01-01
1369,2217,2015-01-01
2598,2231,2015-01-01
2010,2221,2015-01-01
2222,2301,2016-01-01
1034,2354,2016-01-01
2678,2320,2016-01-01
2470,2379,2016-01-01
3076,2511,2017-01-01
1621,2545,2017-01-01
891,2739,2017-01-01
206,2610,2017-01-01
2805,2891,2018-01-01
890,3052,2018-01-01
685,2859,2018-01-01
1740,2914,2018-01-01
3044,2876,2019-01-01
2277,3088,2019-01-01
2286,1251,2010-01-01
31,1250,2010-01-01
2745,1267,2010-01-01
773,1319,2010-01-01
1328,1456,2011-01-01
1235,1480,2011-01-01
501,1573,2011-01-01
2168,1810,2015-01-01
1487,1752,2015-01-01
2554,1861,2015-01-01
1812,1679,2015-01-01
1497,1795,2016-01-01
77,1760,2016-01-01
492,1775,2016-01-01
2635,1779,2016-01-01
1366,1819,2017-01-01
2066,1854,2017-01-01
2179,1969,2017-01-01
1930,2037,2017-01-01
1085,2197,2018-01-01
2218,2190,2018-01-01
2021,2113,2018-01-01
1158,2197,2018-01-01
1114,2197,2019-01-01
430,2217,2019-01-01
1199,1637,2010-01-01
935,1662,2010-01-01
1558,1597,2010-01-01
60,1695,2010-01-01
1083,1789,2011-01-01
828,1641,2011-01-01
2207,1976,2015-01-01
2351,1969,2015-01-01
2636,1960,2015-01-01
2902,2028,2015-01-01
661,2005,2016-01-01
260,2012,2016-01-01
25,2090,2016-01-01
1084,2104,2016-01-01
1422,2092,2017-01-01
2458,2075,2017-01-01
2921,2135,2017-01-01
1695,2206,2017-01-01
2675,2229,2018-01-01
2579,2302,2018-01-01
2541,2244,2018-01-01
1522,2220,2018-01-01
2907,2270,2019-01-01
2758,2252,2019-01-01
1745,1396,2010-01-01
736,1396,2010-01-01
725,1503,2010-01-01
2808,1503,2010-01-01
1966,1513,2011-01-01
120,1559,2011-01-01
466,1540,2011-01-01
898,1860,2015-01-01
2598,1847,2015-01-01
106,2048,2015-01-01
1442,1923,2015-01-01
2258,1970,2016-01-01
499,1976,2016-01-01
1598,1950,2016-01-01
1287,1972,2016-01-01
449,1952,2017-01-01
2597,1974,2017-01-01
2087,2066,2017-01-01
2521,2089,2017-01-01
2348,2197,2018-01-01
2550,2319,2018-01-01
2871,2312,2018-01-01
232,2300,2018-01-01
1026,2323,2019-01-01
1561,2310,2019-01-01
2896,1316,2010-01-01
2749,1324,2010-01-01
2778,1288,2011-01-01
2252,1264,2011-01-01
2609,1338,2011-01-01
651,1880,2014-01-01
2367,1622,2015-01-01
1566,1645,2015-01-01
974,1723,2015-01-01
1110,1683,2015-01-01
2331,1863,2016-01-01
40,1741,2016-01-01
2636,1763,2016-01-01
1233,1768,2016-01-01
2462,1880,2017-01-01
1948,1920,2017-01-01
2124,1935,2017-01-01
317,1943,2017-01-01
1274,1987,2018-01-01
373,2083,2018-01-01
98,2038,2018-01-01
2629,2119,2018-01-01
1905,2157,2019-01-01
2948,2101,2019-01-01
1944,1283,2011-01-01
2442,1361,2011-01-01
207,1902,2016-01-01
1965,1972,2016-01-01
2790,1957,2016-01-01
2090,1990,2017-01-01
1125,1372,2010-01-01
2125,1442,2010-01-01
245,1532,2010-01-01
2230,1628,2010-01-01
992,1578,2011-01-01
167,1604,2011-01-01
2640,1716,2011-01-01
1069,1860,2011-01-01
249,1923,2012-01-01
1624,1929,2012-01-01
1536,2074,2012-01-01
2092,2048,2012-01-01
631,2063,2013-01-01
1352,1909,2013-01-01
204,2022,2013-01-01
2247,2172,2013-01-01
2392,2105,2014-01-01
2749,2078,2014-01-01
1070,2078,2014-01-01
2531,2081,2014-01-01
2255,1999,2015-01-01
2870,2007,2015-01-01
1484,2178,2015-01-01
762,1982,2015-01-01
1301,2067,2016-01-01
2940,2074,2016-01-01
2172,2127,2016-01-01
1944,2144,2016-01-01
1889,2200,2017-01-01
426,2226,2017-01-01
1008,2315,2017-01-01
1236,2410,2017-01-01
921,2475,2018-01-01
3048,2510,2018-01-01
1344,2632,2018-01-01
1941,2618,2018-01-01
2821,2585,2019-01-01
1810,2549,2019-01-01
639,1321,2010-01-01
2945,1565,2010-01-01
286,1532,2011-01-01
1614,1653,2011-01-01
2442,1770,2012-01-01
835,2179,2012-01-01
2945,2167,2012-01-01
2390,1952,2012-01-01
1530,2073,2013-01-01
1695,2021,2013-01-01
643,1841,2014-01-01
1329,1836,2014-01-01
2057,2076,2014-01-01
2514,2018,2015-01-01
1399,1996,2015-01-01
2596,2072,2015-01-01
1359,2027,2015-01-01
200,2106,2016-01-01
398,2068,2016-01-01
437,2125,2016-01-01
896,2114,2016-01-01
176,2185,2017-01-01
2772,2195,2017-01-01
278,2189,2017-01-01
272,2300,2017-01-01
1441,2422,2018-01-01
1140,2626,2018-01-01
1203,2600,2018-01-01
841,2632,2018-01-01
199,2617,2019-01-01
2821,2564,2019-01-01
782,1388,2010-01-01
1666,1507,2010-01-01
1765,1666,2011-01-01
1739,1686,2011-01-01
2539,1731,2011-01-01
1081,2270,2012-01-01
1916,1881,2012-01-01
27,1928,2012-01-01
911,1836,2013-01-01
2294,1949,2013-01-01
1676,2166,2013-01-01
1294,1901,2014-01-01
81,2170,2014-01-01
10,2101,2014-01-01
755,1956,2015-01-01
162,2061,2015-01-01
643,2103,2015-01-01
2562,2109,2015-01-01
234,2169,2016-01-01
2020,2173,2016-01-01
2300,2129,2016-01-01
1942,2187,2016-01-01
716,2229,2017-01-01
1858,2312,2017-01-01
2641,2360,2017-01-01
1433,2521,2017-01-01
2588,2623,2018-01-01
2905,2784,2018-01-01
2768,2791,2018-01-01
2041,2849,2018-01-01
1983,2952,2019-01-01
2865,2903,2019-01-01
1743,1293,2010-01-01
2050,1266,2010-01-01
1860,1245,2011-01-01
616,1444,2011-01-01
2285,1674,2011-01-01
1324,1676,2012-01-01
512,1849,2013-01-01
2952,1991,2013-01-01
3041,1767,2014-01-01
902,1628,2015-01-01
736,1701,2015-01-01
2118,1772,2015-01-01
2747,1818,2016-01-01
2179,1781,2016-01-01
2318,1890,2016-01-01
2828,1842,2016-01-01
3065,1907,2017-01-01
1618,1924,2017-01-01
545,2068,2017-01-01
1797,2144,2017-01-01
308,2308,2018-01-01
365,2286,2018-01-01
1096,2424,2018-01-01
813,2371,2018-01-01
736,2338,2019-01-01
2449,2328,2019-01-01
1310,720,2010-01-01
1162,758,2010-01-01
2602,737,2010-01-01
2398,784,2010-01-01
2409,767,2011-01-01
572,811,2011-01-01
1583,843,2011-01-01
1573,839,2011-01-01
296,837,2012-01-01
1744,990,2012-01-01
2150,966,2013-01-01
2162,1146,2014-01-01
2868,978,2015-01-01
2779,1011,2015-01-01
2604,973,2015-01-01
2650,1094,2016-01-01
2206,1058,2016-01-01
81,1075,2016-01-01
1034,1054,2016-01-01
56,1064,2017-01-01
1931,1074,2017-01-01
1530,1099,2017-01-01
362,1188,2017-01-01
2912,1221,2018-01-01
569,1272,2018-01-01
2052,1260,2018-01-01
1694,1322,2019-01-01
1661,1256,2019-01-01
436,1241,2010-01-01
2796,1089,2010-01-01
2434,1133,2011-01-01
2532,1139,2011-01-01
2110,1117,2011-01-01
1030,2057,2013-01-01
420,2005,2014-01-01
670,1856,2015-01-01
2529,1840,2015-01-01
156,1888,2015-01-01
122,1809,2015-01-01
2343,1902,2016-01-01
508,1870,2016-01-01
1475,1899,2016-01-01
1725,1840,2016-01-01
2998,1944,2017-01-01
1168,1996,2017-01-01
1025,2011,2017-01-01
953,2001,2017-01-01
1319,2144,2018-01-01
1781,2329,2018-01-01
2865,2235,2018-01-01
923,2257,2018-01-01
1903,2346,2019-01-01
347,2271,2019-01-01
1179,1399,2010-01-01
926,1415,2010-01-01
2115,1984,2014-01-01
2857,2234,2015-01-01
822,2281,2015-01-01
1107,2221,2015-01-01
1357,2206,2015-01-01
723,2275,2016-01-01
2339,2358,2016-01-01
3020,2481,2016-01-01
992,2443,2017-01-01
1456,2495,2017-01-01
1739,2704,2017-01-01
1067,2812,2017-01-01
1026,2894,2018-01-01
505,2926,2018-01-01
92,3057,2018-01-01
2713,1256,2010-01-01
68,1359,2011-01-01
343,1243,2011-01-01
1035,1448,2011-01-01
2185,1813,2013-01-01
2111,1976,2014-01-01
2791,1973,2015-01-01
2264,2060,2015-01-01
2688,2111,2015-01-01
655,2125,2015-01-01
806,2136,2016-01-01
1682,2141,2016-01-01
2296,2276,2016-01-01
2387,2279,2016-01-01
814,2207,2017-01-01
1096,2258,2017-01-01
2782,2313,2017-01-01
2352,2313,2017-01-01
295,2480,2018-01-01
2804,2531,2018-01-01
1597,2515,2018-01-01
1593,2602,2018-01-01
3055,2665,2019-01-01
2897,1020,2010-01-01
396,972,2010-01-01
529,1118,2011-01-01
2132,1262,2011-01-01
935,1243,2010-01-01
2859,1241,2010-01-01
1939,1404,2011-01-01
2188,1434,2011-01-01
2390,1854,2012-01-01
2781,1712,2015-01-01
839,1742,2015-01-01
2015,1767,2015-01-01
857,1809,2016-01-01
2924,1811,2016-01-01
1158,1900,2016-01-01
101,1976,2016-01-01
2745,2058,2017-01-01
3022,2043,2017-01-01
2545,2218,2017-01-01
2924,2216,2017-01-01
384,2166,2018-01-01
2206,2366,2018-01-01
1778,2468,2018-01-01
2389,2471,2018-01-01
1424,2433,2019-01-01
3059,2454,2019-01-01
2925,939,2010-01-01
170,969,2010-01-01
458,1545,2010-01-01
441,1548,2010-01-01
2280,1561,2010-01-01
1688,1577,2010-01-01
2045,1783,2011-01-01
558,1815,2011-01-01
397,2082,2011-01-01
2083,2183,2011-01-01
1102,2263,2012-01-01
2630,2191,2012-01-01
2568,2371,2012-01-01
1395,2135,2012-01-01
1353,2419,2013-01-01
1366,2416,2013-01-01
1862,2304,2013-01-01
2307,2414,2013-01-01
1643,2249,2014-01-01
1278,2176,2014-01-01
763,2315,2014-01-01
2404,2353,2014-01-01
794,2296,2015-01-01
478,2315,2015-01-01
1659,2291,2015-01-01
548,2329,2015-01-01
1582,2423,2016-01-01
456,2458,2016-01-01
2061,2504,2016-01-01
64,2506,2016-01-01
1306,2574,2017-01-01
165,2700,2017-01-01
403,2784,2017-01-01
2872,2988,2017-01-01
3,3152,2018-01-01
620,3244,2018-01-01
1907,3327,2018-01-01
2537,3337,2018-01-01
79,3293,2019-01-01
371,3377,2019-01-01
1139,1687,2010-01-01
106,1884,2010-01-01
1050,1806,2010-01-01
393,1993,2010-01-01
687,2048,2011-01-01
1003,1827,2011-01-01
551,1964,2011-01-01
2392,2528,2016-01-01
410,2411,2016-01-01
1734,2385,2016-01-01
654,2393,2016-01-01
1336,2458,2017-01-01
2669,2487,2017-01-01
1699,2907,2017-01-01
1868,3094,2018-01-01
226,3076,2018-01-01
1234,3098,2018-01-01
2813,2974,2019-01-01
211,3117,2019-01-01
731,1590,2010-01-01
1597,1489,2010-01-01
2351,1544,2010-01-01
3074,1499,2011-01-01
1750,1622,2011-01-01
298,1873,2015-01-01
1035,2057,2016-01-01
1176,1895,2016-01-01
1089,2110,2016-01-01
2349,1992,2017-01-01
1988,2072,2017-01-01
767,2227,2017-01-01
697,2268,2017-01-01
474,2336,2018-01-01
464,2544,2019-01-01
226,2023,2010-01-01
1641,1895,2010-01-01
10,1900,2010-01-01
1612,1872,2010-01-01
1377,2072,2011-01-01
663,2073,2011-01-01
1860,2088,2011-01-01
350,2098,2010-01-01
720,2218,2010-01-01
2295,2351,2010-01-01
2830,2386,2010-01-01
2386,2297,2011-01-01
1977,2960,2015-01-01
2605,2941,2015-01-01
2958,2992,2015-01-01
2012,3142,2015-01-01
237,3090,2016-01-01
2944,3178,2016-01-01
1664,3678,2016-01-01
910,3521,2016-01-01
1309,3514,2017-01-01
383,3611,2017-01-01
1403,3973,2017-01-01
2498,4279,2017-01-01
1738,4381,2018-01-01
1604,4618,2018-01-01
2758,4421,2018-01-01
1459,4658,2018-01-01
1071,4339,2019-01-01
1437,4111,2019-01-01
1321,2171,2017-01-01
1050,1676,2010-01-01
2982,1654,2010-01-01
2367,1747,2010-01-01
1935,1703,2010-01-01
1846,1765,2011-01-01
2252,1792,2011-01-01
396,1841,2011-01-01
2122,1986,2011-01-01
2797,2683,2014-01-01
3071,2424,2015-01-01
540,2478,2015-01-01
1696,2510,2015-01-01
2761,2647,2015-01-01
806,2705,2016-01-01
474,2738,2016-01-01
2074,2896,2016-01-01
322,2831,2016-01-01
293,2813,2017-01-01
591,2863,2017-01-01
1252,3016,2017-01-01
112,3134,2017-01-01
752,3339,2018-01-01
1962,3321,2018-01-01
1782,3378,2018-01-01
421,3402,2018-01-01
1599,3404,2019-01-01
1474,3352,2019-01-01
2861,2800,2017-01-01
260,3096,2016-01-01
2410,3181,2016-01-01
1462,3110,2016-01-01
1803,3163,2016-01-01
61,3130,2017-01-01
2041,3843,2018-01-01
1665,3776,2019-01-01
966,3749,2019-01-01
1104,1362,2010-01-01
2432,1413,2010-01-01
1547,1441,2010-01-01
1924,1520,2010-01-01
670,1518,2011-01-01
1143,1570,2011-01-01
1947,1655,2011-01-01
645,2229,2014-01-01
2697,2097,2015-01-01
1594,2068,2015-01-01
2989,2069,2015-01-01
2487,2164,2015-01-01
562,2242,2016-01-01
906,2089,2016-01-01
1966,2270,2016-01-01
912,2299,2016-01-01
184,2238,2017-01-01
3055,2340,2017-01-01
2770,2491,2017-01-01
958,2600,2017-01-01
1325,2712,2018-01-01
553,2822,2018-01-01
268,2943,2018-01-01
1861,2842,2018-01-01
1775,2872,2019-01-01
1265,2829,2019-01-01
1011,1807,2011-01-01
1850,1986,2017-01-01
982,1182,2010-01-01
1676,1188,2010-01-01
1602,1430,2010-01-01
1238,1539,2011-01-01
2531,1414,2011-01-01
1154,1921,2014-01-01
1720,2186,2015-01-01
1046,2173,2016-01-01
173,2238,2016-01-01
1256,2346,2016-01-01
1722,2386,2016-01-01
17,2518,2017-01-01
1778,2440,2017-01-01
475,2513,2017-01-01
864,2638,2017-01-01
1747,2731,2018-01-01
1979,2702,2018-01-01
1872,2798,2018-01-01
2859,2772,2018-01-01
172,2830,2019-01-01
1164,2808,2019-01-01
2847,1138,2010-01-01
800,1199,2010-01-01
2716,1155,2010-01-01
344,1256,2011-01-01
619,1116,2011-01-01
85,1189,2011-01-01
521,2014,2014-01-01
849,1930,2014-01-01
1024,2783,2018-01-01
2729,2771,2019-01-01
2535,2756,2019-01-01
1541,1486,2010-01-01
2519,1610,2011-01-01
869,1787,2011-01-01
2568,2322,2017-01-01
2188,2048,2010-01-01
371,2989,2016-01-01
2,3167,2016-01-01
1910,3517,2017-01-01
167,3252,2017-01-01
1204,3878,2018-01-01
1366,4076,2018-01-01
1369,3673,2019-01-01
1100,3833,2019-01-01
2867,2301,2010-01-01
1348,2434,2010-01-01
1824,2368,2010-01-01
845,2415,2010-01-01
1418,2442,2011-01-01
507,2411,2011-01-01
1785,2579,2011-01-01
1906,3551,2015-01-01
34,3608,2015-01-01
1668,3663,2015-01-01
1597,3800,2015-01-01
2875,3835,2016-01-01
1950,3924,2016-01-01
281,3939,2016-01-01
2693,3790,2016-01-01
1940,3607,2017-01-01
2205,3700,2017-01-01
2421,4106,2017-01-01
2449,4354,2017-01-01
2060,4235,2018-01-01
15,4267,2018-01-01
2917,4294,2018-01-01
2432,4249,2018-01-01
2440,4324,2019-01-01
1632,4408,2019-01-01
2521,1820,2010-01-01
2073,1535,2010-01-01
1443,4502,2010-01-01
926,5272,2017-01-01
75,2438,2010-01-01
222,2542,2010-01-01
1845,2637,2010-01-01
1486,2555,2010-01-01
1089,2406,2011-01-01
1216,3163,2016-01-01
1034,3540,2016-01-01
1324,3379,2016-01-01
644,3437,2017-01-01
36,4035,2017-01-01
170,4751,2017-01-01
489,4612,2017-01-01
891,4566,2018-01-01
1664,4710,2018-01-01
235,4785,2018-01-01
205,4505,2018-01-01
1190,4079,2019-01-01
1499,3975,2019-01-01
184,1988,2010-01-01
2147,2063,2011-01-01
2746,2047,2011-01-01
1192,2067,2011-01-01
789,2206,2014-01-01
3042,2252,2015-01-01
1907,2421,2016-01-01
1921,2398,2016-01-01
2381,2501,2016-01-01
178,2680,2016-01-01
1012,2710,2017-01-01
477,2601,2017-01-01
1804,2730,2017-01-01
712,2965,2018-01-01
1957,2919,2018-01-01
329,2963,2018-01-01
2430,3094,2019-01-01
2878,2486,2019-01-01
154,2105,2017-01-01
428,2234,2017-01-01
2560,1641,2010-01-01
2184,1666,2010-01-01
2457,1761,2010-01-01
2141,1627,2010-01-01
1053,1739,2011-01-01
440,1871,2011-01-01
1624,1873,2011-01-01
1486,2252,2015-01-01
198,2361,2015-01-01
3078,2378,2015-01-01
2019,2664,2016-01-01
1569,2926,2016-01-01
1877,2795,2017-01-01
2306,2984,2017-01-01
2051,3113,2017-01-01
1074,3184,2017-01-01
2195,3226,2018-01-01
2758,3315,2018-01-01
200,3332,2018-01-01
2718,3281,2018-01-01
2266,3135,2019-01-01
96,3275,2019-01-01
517,1755,2011-01-01
2719,1720,2011-01-01
1679,2348,2015-01-01
1295,2424,2016-01-01
805,2435,2016-01-01
1207,2445,2016-01-01
2202,2478,2016-01-01
2978,2687,2017-01-01
1242,2723,2017-01-01
77,2724,2017-01-01
2909,3035,2018-01-01
46,1659,2010-01-01
2236,1746,2010-01-01
26,2024,2011-01-01
260,2119,2011-01-01
989,2071,2014-01-01
1894,2533,2017-01-01
1648,1396,2011-01-01
2273,1482,2011-01-01
1716,1629,2010-01-01
322,1489,2011-01-01
2295,1335,2011-01-01
21,1618,2011-01-01
2526,2178,2017-01-01
1732,2156,2017-01-01
126,1690,2010-01-01
1337,1656,2010-01-01
523,1522,2010-01-01
1666,1606,2010-01-01
2555,1720,2011-01-01
2790,1815,2011-01-01
2425,1857,2011-01-01
1864,1121,2010-01-01
2071,1080,2010-01-01
1526,1092,2011-01-01
2625,1141,2011-01-01
3042,1506,2010-01-01
1214,1742,2010-01-01
1807,1798,2010-01-01
921,1805,2010-01-01
1156,1867,2010-01-01
319,2008,2011-01-01
1374,2139,2011-01-01
1816,1993,2011-01-01
1026,2535,2011-01-01
66,2580,2012-01-01
9,2513,2012-01-01
3012,2586,2013-01-01
2652,2468,2013-01-01
1372,2540,2013-01-01
2698,2220,2013-01-01
2519,2438,2014-01-01
3022,2633,2014-01-01
198,2530,2014-01-01
1660,2508,2015-01-01
393,2561,2015-01-01
175,2606,2015-01-01
1005,2538,2015-01-01
2119,2815,2016-01-01
994,2704,2016-01-01
512,2705,2016-01-01
2426,2718,2016-01-01
180,2832,2017-01-01
2273,2846,2017-01-01
1851,3078,2017-01-01
2832,3242,2017-01-01
1974,3359,2018-01-01
1908,3390,2018-01-01
509,3455,2018-01-01
493,3423,2018-01-01
2631,3426,2019-01-01
1742,3488,2019-01-01
284,1722,2010-01-01
2108,1752,2010-01-01
626,1870,2010-01-01
2595,1962,2010-01-01
1066,2066,2011-01-01
370,2108,2011-01-01
1522,2260,2011-01-01
2741,2345,2011-01-01
621,1996,2012-01-01
1156,2268,2013-01-01
2868,2268,2015-01-01
175,2303,2015-01-01
2552,2286,2015-01-01
468,2435,2015-01-01
970,2455,2016-01-01
1979,2539,2016-01-01
2580,2492,2016-01-01
356,2584,2016-01-01
44,2582,2017-01-01
361,2707,2017-01-01
696,2958,2017-01-01
1915,2919,2017-01-01
110,3031,2018-01-01
558,3233,2018-01-01
1735,3314,2018-01-01
901,3261,2018-01-01
2865,3193,2019-01-01
2391,3230,2019-01-01
1973,1469,2010-01-01
2127,1738,2010-01-01
327,1810,2011-01-01
2031,1876,2011-01-01
311,2069,2015-01-01
799,2217,2015-01-01
1166,2073,2015-01-01
839,2317,2015-01-01
14,2251,2016-01-01
2649,2213,2016-01-01
2615,2232,2016-01-01
1862,2080,2017-01-01
2692,2233,2017-01-01
2234,2378,2017-01-01
2232,2523,2017-01-01
255,2519,2018-01-01
3030,2605,2018-01-01
1537,2819,2018-01-01
1479,2871,2019-01-01
2759,2745,2019-01-01
1762,1821,2010-01-01
1116,1884,2010-01-01
2785,1854,2010-01-01
1281,1893,2010-01-01
2460,1827,2011-01-01
2238,1762,2011-01-01
2626,1822,2011-01-01
1618,2271,2016-01-01
1457,2386,2017-01-01
1177,2260,2010-01-01
1222,2265,2010-01-01
2282,2347,2010-01-01
1382,2374,2010-01-01
2987,2411,2011-01-01
1482,2313,2011-01-01
2065,2907,2015-01-01
216,2875,2015-01-01
778,2897,2015-01-01
2423,2967,2015-01-01
192,3004,2016-01-01
123,3191,2016-01-01
2959,3161,2016-01-01
2081,3306,2016-01-01
1097,3335,2017-01-01
1327,3519,2017-01-01
1160,3599,2017-01-01
136,3792,2017-01-01
2227,4055,2018-01-01
1247,3976,2018-01-01
2734,3799,2018-01-01
952,3880,2018-01-01
677,4032,2019-01-01
2720,4075,2019-01-01
2700,2177,2015-01-01
2893,2226,2015-01-01
2034,2351,2016-01-01
1315,2423,2016-01-01
1564,2473,2016-01-01
490,2406,2016-01-01
1135,2591,2017-01-01
1672,2476,2017-01-01
683,2625,2017-01-01
1512,2872,2018-01-01
1077,2810,2018-01-01
802,2789,2018-01-01
2565,2745,2019-01-01
2734,2750,2019-01-01
938,1778,2010-01-01
549,1757,2010-01-01
2610,1819,2010-01-01
2761,1828,2010-01-01
166,1793,2011-01-01
370,1773,2011-01-01
110,1924,2011-01-01
1511,2112,2011-01-01
1838,2348,2012-01-01
2693,2426,2012-01-01
1670,2444,2012-01-01
1298,2160,2013-01-01
2905,2208,2013-01-01
2723,2366,2013-01-01
578,2466,2014-01-01
870,2320,2014-01-01
1495,2128,2014-01-01
2852,2442,2015-01-01
613,2471,2015-01-01
2269,2512,2015-01-01
692,2537,2015-01-01
1834,2524,2016-01-01
2951,2596,2016-01-01
1447,2699,2016-01-01
2108,2699,2016-01-01
19,2793,2017-01-01
1371,2840,2017-01-01
1501,2960,2017-01-01
775,3162,2017-01-01
3009,3315,2018-01-01
936,3285,2018-01-01
353,3299,2018-01-01
1371,3296,2018-01-01
694,3414,2019-01-01
1864,3322,2019-01-01
1153,1568,2010-01-01
3048,1705,2010-01-01
586,1713,2011-01-01
1232,2043,2011-01-01
2099,2436,2015-01-01
1687,2457,2016-01-01
3075,2469,2016-01-01
1428,2586,2016-01-01
2652,2650,2017-01-01
762,2629,2017-01-01
2832,2663,2017-01-01
867,1899,2010-01-01
1434,2297,2011-01-01
101,2939,2017-01-01
459,2929,2017-01-01
185,3149,2017-01-01
2754,3317,2018-01-01
1040,3354,2019-01-01
1555,1986,2010-01-01
1037,1914,2010-01-01
1137,1898,2010-01-01
1599,2008,2011-01-01
2273,2262,2011-01-01
24,2736,2015-01-01
1381,2724,2015-01-01
1356,2814,2015-01-01
2259,3062,2015-01-01
1467,3025,2016-01-01
208,3073,2016-01-01
805,3093,2016-01-01
1668,3113,2016-01-01
957,3237,2017-01-01
1255,3156,2017-01-01
1318,3231,2017-01-01
2871,3298,2017-01-01
235,3464,2018-01-01
1752,3559,2018-01-01
904,3651,2018-01-01
1510,3681,2018-01-01
2724,3712,2019-01-01
2091,3575,2019-01-01
748,1529,2010-01-01
2373,1604,2010-01-01
785,1627,2010-01-01
244,1598,2010-01-01
781,1605,2011-01-01
1065,1595,2011-01-01
2468,1621,2011-01-01
1591,1850,2013-01-01
91,1898,2013-01-01
2218,1985,2014-01-01
372,2074,2014-01-01
1611,2165,2014-01-01
1278,2054,2015-01-01
1744,2032,2015-01-01
1889,2092,2015-01-01
2953,2167,2015-01-01
2917,2163,2016-01-01
2382,2195,2016-01-01
1731,2315,2016-01-01
1165,2254,2016-01-01
2070,2308,2017-01-01
2397,2353,2017-01-01
2346,2436,2017-01-01
44,2559,2017-01-01
1950,2630,2018-01-01
2290,2688,2018-01-01
1736,2723,2018-01-01
2270,2778,2018-01-01
241,2746,2019-01-01
259,2755,2019-01-01
2753,1978,2017-01-01
1951,2026,2017-01-01
1119,2079,2017-01-01
2822,1418,2010-01-01
2656,1501,2010-01-01
841,1537,2010-01-01
3009,1614,2011-01-01
2913,1615,2011-01-01
26,1739,2011-01-01
1752,1594,2011-01-01
1623,1701,2012-01-01
2318,2083,2013-01-01
683,1893,2014-01-01
2963,1883,2014-01-01
2622,1869,2014-01-01
2712,1970,2015-01-01
3068,1925,2015-01-01
2233,1958,2015-01-01
2977,2005,2015-01-01
2155,2031,2016-01-01
598,2106,2016-01-01
1350,2235,2016-01-01
2450,2242,2016-01-01
12,2277,2017-01-01
2691,2315,2017-01-01
2114,2301,2017-01-01
43,2478,2017-01-01
1593,2496,2018-01-01
2410,2531,2018-01-01
2169,2681,2018-01-01
706,2662,2018-01-01
793,2611,2019-01-01
1873,2617,2019-01-01
1773,1276,2010-01-01
2163,1404,2011-01-01
1454,1517,2011-01-01
1742,1516,2011-01-01
2563,2139,2013-01-01
2512,2170,2013-01-01
1263,2161,2014-01-01
1685,1868,2014-01-01
2417,2183,2014-01-01
2903,2192,2014-01-01
1233,2859,2019-01-01
1856,2768,2019-01-01
1119,1530,2010-01-01
1117,1522,2010-01-01
420,1744,2011-01-01
1952,1753,2011-01-01
2283,1686,2011-01-01
1194,2212,2012-01-01
2812,1884,2013-01-01
1877,2028,2014-01-01
30,1870,2015-01-01
3046,1955,2015-01-01
2187,1986,2015-01-01
1659,2037,2015-01-01
410,1965,2016-01-01
2092,2017,2016-01-01
927,2118,2016-01-01
2302,2095,2016-01-01
2625,2244,2017-01-01
2788,2300,2017-01-01
3015,2784,2018-01-01
2623,2716,2018-01-01
51,2470,2016-01-01
2788,2515,2017-01-01
791,2677,2017-01-01
1226,2812,2018-01-01
2632,2684,2018-01-01
913,2710,2018-01-01
935,2000,2010-01-01
2617,2016,2010-01-01
2670,2190,2010-01-01
793,2296,2011-01-01
628,2542,2011-01-01
1792,3093,2013-01-01
532,2965,2014-01-01
1610,2908,2015-01-01
2443,2890,2015-01-01
2304,2840,2015-01-01
655,2931,2015-01-01
766,2867,2016-01-01
2486,2914,2016-01-01
2404,3207,2016-01-01
484,3189,2016-01-01
1999,3220,2017-01-01
779,3415,2017-01-01
2574,3597,2017-01-01
2602,3717,2017-01-01
365,3847,2018-01-01
700,3779,2018-01-01
1391,3961,2018-01-01
1154,3881,2018-01-01
2501,3733,2019-01-01
874,3933,2019-01-01
2177,2178,2010-01-01
1995,2224,2010-01-01
822,2259,2010-01-01
2310,2307,2010-01-01
582,2277,2011-01-01
78,2374,2011-01-01
296,2506,2011-01-01
1218,2748,2012-01-01
822,3034,2012-01-01
2567,3050,2012-01-01
1490,3072,2013-01-01
1697,3141,2013-01-01
2218,3124,2013-01-01
707,3041,2015-01-01
1304,3085,2015-01-01
1626,3117,2015-01-01
2274,3038,2015-01-01
645,3210,2016-01-01
2971,3235,2016-01-01
2565,3341,2016-01-01
3012,3536,2016-01-01
2448,3497,2017-01-01
1198,3496,2017-01-01
2591,3665,2017-01-01
2674,3815,2017-01-01
1813,3841,2018-01-01
2730,3880,2018-01-01
701,4022,2018-01-01
1212,3928,2018-01-01
2114,3846,2019-01-01
2650,4075,2019-01-01
2534,1494,2010-01-01
356,1575,2011-01-01
2478,1613,2011-01-01
1510,1864,2011-01-01
447,2315,2015-01-01
305,2377,2015-01-01
1159,2428,2015-01-01
2329,2573,2016-01-01
373,2645,2016-01-01
2143,2702,2017-01-01
2192,2756,2017-01-01
995,2805,2018-01-01
1957,2772,2018-01-01
2130,2752,2019-01-01
2861,2738,2019-01-01
2576,2341,2015-01-01
1901,2376,2015-01-01
645,2645,2016-01-01
563,2544,2016-01-01
2455,2621,2016-01-01
1098,2567,2016-01-01
1408,2635,2017-01-01
222,2879,2017-01-01
2372,1541,2010-01-01
430,1693,2010-01-01
1571,2489,2010-01-01
1487,2347,2010-01-01
373,2457,2010-01-01
1768,2393,2010-01-01
240,2439,2011-01-01
150,2614,2011-01-01
2953,2783,2011-01-01
472,3184,2015-01-01
2425,3136,2015-01-01
1989,3267,2015-01-01
2970,3327,2015-01-01
141,3404,2016-01-01
580,3498,2016-01-01
2648,3462,2016-01-01
829,3684,2016-01-01
2029,3753,2017-01-01
1416,3850,2017-01-01
866,4098,2017-01-01
2805,4460,2017-01-01
1691,4340,2018-01-01
281,4247,2018-01-01
569,4166,2018-01-01
1547,4279,2018-01-01
2157,4165,2019-01-01
2760,4193,2019-01-01
2275,1715,2010-01-01
106,1802,2010-01-01
432,1903,2010-01-01
1396,1985,2011-01-01
2998,1969,2011-01-01
1386,2240,2011-01-01
1274,2163,2011-01-01
1309,2117,2012-01-01
1363,2314,2013-01-01
222,2293,2013-01-01
471,2275,2013-01-01
1400,2400,2014-01-01
817,2219,2014-01-01
2655,2194,2014-01-01
2237,2279,2014-01-01
2592,2248,2015-01-01
2727,2254,2015-01-01
2658,2149,2015-01-01
296,2242,2015-01-01
1508,2425,2016-01-01
1535,2490,2016-01-01
445,2552,2016-01-01
944,2498,2016-01-01
2565,2541,2017-01-01
2624,2643,2017-01-01
1701,2731,2017-01-01
966,2987,2017-01-01
1431,3079,2018-01-01
777,3090,2018-01-01
1076,3230,2018-01-01
2574,3209,2019-01-01
1008,3165,2019-01-01
279,1568,2010-01-01
1374,1629,2010-01-01
1784,1883,2015-01-01
1936,1908,2015-01-01
345,1972,2015-01-01
2339,2101,2015-01-01
2718,2276,2016-01-01
1723,2114,2016-01-01
1735,2234,2016-01-01
2537,2215,2016-01-01
89,2290,2017-01-01
2379,2289,2017-01-01
576,2374,2017-01-01
173,2487,2017-01-01
2150,2466,2018-01-01
964,2541,2018-01-01
797,2526,2018-01-01
1683,2501,2018-01-01
1762,2482,2019-01-01
1017,2466,2019-01-01
2479,2830,2019-01-01
1943,2563,2016-01-01
2379,2715,2017-01-01
2297,2611,2017-01-01
1458,2935,2018-01-01
1686,3061,2018-01-01
788,1525,2010-01-01
1455,1759,2011-01-01
225,1751,2011-01-01
141,2041,2017-01-01
1803,2570,2018-01-01
2087,2629,2018-01-01
2802,1979,2014-01-01
328,1635,2010-01-01
2885,1709,2010-01-01
936,1697,2010-01-01
1163,1762,2010-01-01
741,1702,2011-01-01
1372,1807,2011-01-01
1261,1834,2011-01-01
65,2214,2011-01-01
944,2123,2012-01-01
1350,2253,2012-01-01
2244,2251,2013-01-01
1662,2285,2013-01-01
2851,2200,2013-01-01
2227,2052,2014-01-01
212,2153,2014-01-01
1123,2266,2014-01-01
429,2360,2014-01-01
2514,2291,2015-01-01
2350,2299,2015-01-01
527,2311,2015-01-01
2306,2386,2015-01-01
1111,2503,2016-01-01
586,2414,2016-01-01
2731,2603,2016-01-01
1000,2816,2016-01-01
2436,2740,2017-01-01
292,2841,2017-01-01
979,2935,2017-01-01
2089,3018,2017-01-01
1486,3060,2018-01-01
2382,3176,2018-01-01
2511,3222,2018-01-01
1169,3193,2018-01-01
1735,3309,2019-01-01
322,3290,2019-01-01
141,1877,2010-01-01
1219,1821,2010-01-01
3031,1643,2011-01-01
1326,2001,2011-01-01
1204,2126,2011-01-01
2622,2247,2013-01-01
1009,2134,2014-01-01
1695,2125,2015-01-01
702,2190,2015-01-01
2882,2163,2015-01-01
2228,2154,2015-01-01
855,2207,2016-01-01
2898,2365,2016-01-01
2817,2515,2016-01-01
1165,2413,2016-01-01
1093,2493,2017-01-01
219,2530,2017-01-01
724,1466,2010-01-01
1135,1703,2010-01-01
59,1851,2010-01-01
1927,1814,2011-01-01
2339,1867,2011-01-01
2185,1859,2011-01-01
3014,2037,2012-01-01
3036,2226,2013-01-01
325,2100,2013-01-01
1959,1945,2014-01-01
3002,2224,2014-01-01
427,2161,2015-01-01
784,2178,2015-01-01
856,2222,2015-01-01
1306,2338,2016-01-01
308,2303,2016-01-01
3005,2265,2016-01-01
293,2241,2017-01-01
1864,2586,2017-01-01
393,2585,2017-01-01
2893,2960,2018-01-01
2941,3021,2018-01-01
2814,1527,2010-01-01
1496,1384,2010-01-01
2227,1624,2010-01-01
2795,1529,2011-01-01
1307,2288,2017-01-01
1938,2674,2018-01-01
375,1304,2010-01-01
409,1325,2010-01-01
847,1340,2010-01-01
1250,1285,2010-01-01
22,1516,2011-01-01
1960,1493,2011-01-01
2054,1965,2015-01-01
634,2005,2015-01-01
2880,2004,2015-01-01
264,2121,2015-01-01
704,2188,2016-01-01
1999,2041,2016-01-01
174,2197,2016-01-01
304,2131,2016-01-01
952,2228,2017-01-01
1483,2237,2017-01-01
301,2317,2017-01-01
1729,2492,2017-01-01
1726,2564,2018-01-01
1824,2464,2018-01-01
1099,2537,2018-01-01
99,2621,2018-01-01
2732,2756,2019-01-01
1738,2800,2019-01-01
264,2097,2014-01-01
2736,1600,2010-01-01
1801,1669,2010-01-01
752,1793,2010-01-01
2543,1760,2011-01-01
1090,1771,2011-01-01
575,1866,2011-01-01
932,1959,2011-01-01
297,1945,2012-01-01
648,1921,2013-01-01
2827,2050,2013-01-01
1797,2044,2014-01-01
2028,2202,2014-01-01
1634,2066,2015-01-01
103,2093,2015-01-01
2962,2369,2016-01-01
899,2176,2016-01-01
2978,1589,2011-01-01
2759,1665,2010-01-01
220,1674,2011-01-01
896,1904,2011-01-01
2870,1981,2013-01-01
886,2274,2014-01-01
293,2032,2014-01-01
752,2041,2016-01-01
850,1890,2017-01-01
2959,1975,2017-01-01
884,1676,2010-01-01
1136,1737,2010-01-01
2708,1775,2010-01-01
2754,1869,2010-01-01
2986,1841,2011-01-01
2461,1877,2011-01-01
166,1927,2011-01-01
870,2273,2011-01-01
2800,2416,2012-01-01
495,2530,2012-01-01
2860,2556,2012-01-01
739,2540,2012-01-01
133,2644,2013-01-01
1387,2372,2013-01-01
1042,2353,2013-01-01
405,2222,2013-01-01
1935,2277,2014-01-01
1352,2336,2014-01-01
424,2345,2014-01-01
517,2399,2014-01-01
3058,2411,2015-01-01
3058,2456,2015-01-01
1999,2493,2015-01-01
2573,2490,2015-01-01
2129,2478,2016-01-01
1706,2554,2016-01-01
2009,2561,2016-01-01
1017,2705,2016-01-01
2242,2790,2017-01-01
466,2890,2017-01-01
749,3007,2017-01-01
2822,3116,2017-01-01
1190,3228,2018-01-01
2541,3353,2018-01-01
1223,3329,2018-01-01
1984,3316,2018-01-01
2282,3424,2019-01-01
1061,3344,2019-01-01
