monto_operado;var_mensual;var_anual;a√±o_mes
11822037.6;508.93;369.79;25/9/2017
14195817.98;481.94;260.14;7/6/2019
14096144.65;280.74;973.44;16/6/2019
14957425.93;;;29/5/2019
3290384.09;892.73;220.7;1/4/2017
13780281.14;;;5/12/2018
7306062.17;602.64;;20/5/2020
12233863.33;514.86;;15/2/2021
576344.48;571.63;;9/1/2018
14652032.01;313.36;;5/7/2016
1586218.0;;412.71;27/5/2016
1386757.36;699.92;265.26;21/10/2016
2607278.57;-44.25;726.2;1/2/2018
3860434.36;;82.11;6/4/2021
3285782.65;946.5;964.06;13/6/2017
14250485.02;267.78;830.66;5/12/2017
5247620.92;863.25;52.04;11/9/2016
8648487.31;754.62;234.91;4/1/2019
7482690.78;614.89;487.83;20/4/2021
6479574.92;807.38;529.68;18/8/2018
3163294.55;702.3;561.95;6/5/2017
7213928.72;791.44;64.87;7/5/2020
630588.51;687.26;;2/11/2018
2672302.49;317.45;756.29;26/12/2019
7059040.76;256.6;315.85;10/1/2019
10941995.13;;289.2;11/11/2018
3594829.47;846.82;225.27;1/7/2017
10492622.17;;605.92;12/5/2018
1380900.31;324.62;695.8;21/12/2018
5272322.63;229.91;336.2;18/12/2020
10255284.99;234.45;;13/4/2021
14673247.96;730.25;;21/9/2018
8915071.55;175.97;698.27;4/5/2019
1669722.7;481.73;;24/2/2019
12309266.77;107.92;;21/6/2018
5362930.4;622.69;453.47;27/4/2018
8930265.08;987.84;308.83;16/7/2018
11580875.06;249.11;326.91;23/10/2018
8605654.75;727.01;531.11;18/7/2020
7192795.89;751.37;360.43;30/1/2019
8503593.56;284.59;139.66;13/3/2018
6539351.31;384.09;215.0;4/4/2020
13202637.8;763.08;;9/6/2017
13619736.17;879.92;517.32;5/10/2016
8465330.04;700.36;921.94;18/2/2018
8532795.92;300.32;;10/8/2020
10435186.04;475.71;;27/9/2017
10939378.71;;207.99;27/8/2018
8312765.02;;179.33;28/11/2016
1923665.99;106.85;731.4;13/2/2019
7621344.34;-73.76;462.99;3/10/2016
6225099.43;613.35;737.03;17/7/2017
5499822.76;487.0;355.05;11/11/2018
8320198.2;;842.19;23/4/2021
13514521.76;662.14;177.36;13/3/2018
9240594.97;-46.41;335.3;7/9/2017
6505759.77;;771.38;16/6/2016
2758478.54;;;17/7/2017
6436974.68;;785.4;12/6/2016
1815112.32;;337.94;14/10/2020
12714230.45;451.01;459.61;11/4/2019
8828918.17;939.71;592.24;14/5/2019
13494178.39;-5.38;407.13;25/7/2018
10656591.07;;367.38;12/9/2017
9479963.2;100.05;11.84;16/7/2017
8682941.84;977.36;647.6;30/1/2020
10287235.53;863.54;338.36;15/7/2019
13954034.28;565.69;741.34;13/12/2019
895770.04;;;31/12/2019
860321.34;3.82;867.21;17/5/2018
13418773.78;;247.7;28/10/2020
5099129.98;;-86.88;27/12/2016
9796438.49;252.57;851.38;15/4/2018
14143090.54;819.09;676.74;23/6/2019
1079225.57;-20.89;703.86;27/8/2016
13123580.43;26.34;;26/6/2020
5061940.08;918.21;283.34;27/10/2018
4012510.92;286.32;-36.15;3/6/2019
9467646.63;951.42;959.08;25/12/2019
10422772.39;267.56;7.02;17/2/2018
6921733.57;10.31;;4/5/2018
12362372.19;25.74;772.85;18/10/2016
12192022.22;648.39;799.08;2/8/2019
13570836.13;248.06;667.16;21/4/2020
5074091.56;298.37;402.84;20/9/2020
8793234.08;216.39;621.22;8/5/2016
5487009.59;225.07;70.98;12/1/2017
4573317.39;;457.85;23/11/2017
13564800.58;877.98;;29/4/2020
13102391.52;-20.22;839.37;2/10/2020
9905267.54;;43.0;16/12/2019
13222093.02;326.24;559.42;12/8/2018
3475939.39;978.86;705.46;9/10/2020
4288337.34;109.63;522.02;16/12/2018
13613723.25;;387.47;9/8/2019
5861805.58;232.64;498.93;29/1/2017
9220116.8;752.93;512.55;18/6/2019
14573305.84;;76.53;27/6/2018
3327732.61;240.19;;2/9/2018
3161727.6;508.43;859.44;19/5/2019
571754.55;599.75;;19/8/2018
2086751.98;160.03;-0.68;12/6/2018
9684699.24;85.27;984.98;8/3/2018
3644065.63;948.05;219.2;3/12/2017
12286441.55;363.49;473.55;5/4/2018
12625908.01;550.6;695.73;26/5/2020
12678296.11;30.5;831.89;13/3/2018
11550626.82;;;22/5/2016
13645481.94;302.48;683.02;16/11/2019
7732852.97;593.47;549.41;30/11/2016
7986312.22;664.17;514.52;15/6/2019
11440704.31;181.9;406.45;23/2/2020
9142803.78;283.02;13.04;14/11/2016
14896846.81;793.41;259.71;19/1/2018
4612232.62;719.8;429.0;19/10/2019
1999306.95;49.57;782.47;25/6/2020
2625004.76;21.59;95.17;8/10/2017
12668793.59;-93.49;317.41;26/10/2018
14941604.61;423.24;998.65;30/8/2020
14844952.18;104.29;893.87;26/7/2016
13971459.25;707.13;;10/12/2020
6575620.5;964.33;838.03;29/6/2016
4081032.26;143.6;560.09;19/8/2019
11296315.15;;958.76;24/2/2018
9976397.41;192.59;;9/2/2019
2873527.87;912.95;667.94;5/12/2020
7018376.34;600.17;761.38;15/7/2020
7878181.19;121.79;;29/3/2021
5947040.67;412.1;;7/3/2019
3635465.1;908.4;;24/9/2017
4365977.49;336.73;601.92;4/5/2020
8490850.89;;;30/1/2018
4435814.11;;587.52;8/11/2018
14168218.4;-4.02;723.6;17/2/2017
8434583.62;57.6;764.0;22/9/2020
13180436.29;190.16;;8/4/2018
9250875.19;134.16;609.23;22/10/2016
3609507.47;;767.89;19/7/2017
9631023.62;824.89;700.18;13/7/2020
3499486.78;768.7;512.53;23/11/2016
6980993.28;558.24;203.8;27/10/2016
4288430.4;;;11/4/2021
2614219.46;9.51;722.98;16/6/2019
13886100.0;;688.61;10/3/2021
7168567.65;997.84;136.43;3/1/2017
1792535.21;755.24;750.81;13/1/2018
14487602.48;794.82;183.39;1/2/2021
3682823.43;983.81;228.11;26/7/2020
7916602.71;385.6;102.75;21/9/2020
9956149.72;573.39;400.37;10/1/2019
6123567.71;;;25/6/2018
824898.81;;-71.36;6/12/2018
2557536.02;985.54;321.63;3/12/2019
5263599.15;120.07;115.1;25/5/2018
5589533.25;427.06;477.24;16/3/2017
10682311.51;;;6/9/2016
11965722.99;61.54;867.91;25/5/2018
13182564.74;826.16;;18/9/2019
1997588.18;925.68;;15/6/2017
3051416.29;;;23/11/2018
13659784.27;189.15;728.83;26/6/2018
12858531.08;731.42;44.74;21/6/2019
8798984.13;-88.91;552.27;22/3/2021
11982585.21;;711.06;14/2/2019
7103902.5;-78.41;186.01;12/1/2020
5417623.97;;860.01;11/9/2017
3992789.76;112.28;638.0;10/5/2018
14628488.42;;850.54;13/4/2021
4371352.34;137.18;294.6;26/12/2020
5924649.67;831.45;389.98;16/8/2020
2268544.88;162.64;997.73;24/1/2019
11984642.22;377.46;120.65;16/3/2017
4279463.78;201.18;692.45;29/3/2018
11436422.21;;843.59;10/11/2019
1345097.91;;129.91;31/1/2017
13972843.42;212.63;153.48;10/2/2021
13002213.74;643.03;598.55;29/10/2016
883109.91;895.77;;3/5/2019
3103555.0;449.71;684.2;1/8/2019
6999245.18;778.16;;3/7/2016
6142283.63;;418.89;5/11/2018
6397181.46;84.41;342.31;31/10/2017
4372147.1;-49.9;;3/4/2021
5934866.81;335.17;876.75;29/7/2016
1196736.1;-4.95;295.6;23/5/2020
13164693.32;343.3;950.74;3/8/2017
11523683.28;;173.73;19/9/2019
5756608.76;;666.8;22/4/2021
11870037.43;230.08;;5/7/2019
9844571.38;;383.49;17/12/2016
1646578.57;907.71;914.95;31/3/2021
2120079.86;;169.72;30/7/2017
9778074.31;-82.93;;9/6/2018
3827203.47;421.36;147.09;6/7/2020
14694226.64;949.93;464.46;6/8/2017
8922532.58;;367.0;16/12/2020
7075244.39;-74.73;100.06;13/7/2016
6453631.87;720.38;565.96;14/8/2019
7025095.0;118.16;224.51;9/5/2016
7252013.6;612.83;669.69;26/3/2021
13471706.2;802.92;;14/7/2017
13509657.78;-55.28;961.66;15/1/2020
11290069.57;895.51;801.88;23/9/2016
11409546.54;53.95;373.0;30/12/2020
2572623.85;-23.59;804.67;25/3/2021
7683279.7;;523.5;7/7/2016
1868133.74;;247.82;6/3/2018
14302211.12;873.17;783.25;2/8/2019
13937449.32;-73.28;;25/3/2017
12311725.66;523.2;121.06;10/2/2018
8090154.9;377.94;788.93;18/8/2016
10460813.52;482.69;742.73;30/9/2017
5036768.06;;766.89;16/12/2019
7288225.45;271.31;52.59;30/4/2019
12391538.7;765.14;573.86;13/8/2018
9705060.63;752.5;119.23;10/9/2016
8855138.65;274.87;26.64;19/4/2019
1958512.37;511.75;180.34;18/7/2016
4684803.37;839.64;277.6;10/6/2020
6533612.99;;-68.0;25/4/2017
10717994.75;393.09;690.38;5/10/2020
4307472.2;240.29;278.54;3/3/2018
884329.76;965.47;-20.17;8/5/2018
8845403.75;303.98;801.68;11/2/2017
13848189.18;911.51;764.4;27/1/2020
7967359.0;756.18;916.38;11/4/2019
2839100.68;;;25/8/2019
13091377.41;549.24;75.61;23/9/2019
753502.28;775.75;478.83;15/8/2020
4340714.44;;987.08;20/5/2020
14069941.81;;;5/12/2017
7694968.41;566.72;;10/8/2016
4234556.85;;298.8;14/10/2017
1565775.39;683.86;882.89;21/6/2018
3573727.3;;38.87;5/12/2016
13723495.91;121.06;62.52;30/6/2018
3951044.46;575.49;749.91;9/5/2019
10999006.04;;780.21;13/11/2017
9336151.1;135.78;522.52;16/6/2020
6436337.22;843.55;505.46;3/2/2020
14827035.82;935.17;260.56;12/3/2020
7187657.45;99.75;765.1;6/10/2016
635596.15;676.71;638.65;9/7/2017
9876309.0;213.83;499.79;27/10/2020
11122580.06;;414.79;17/7/2018
10997330.91;377.47;259.35;18/11/2020
12270817.6;-64.34;;3/3/2021
3650591.25;634.0;609.33;22/11/2020
8529106.83;-82.12;;1/12/2016
11682363.55;;999.0;17/3/2020
1812477.33;514.04;212.72;15/10/2020
1746529.43;-13.41;47.8;13/10/2016
2468531.42;18.66;275.63;14/7/2017
2595805.28;;781.29;24/8/2019
5264664.5;575.63;57.12;1/3/2020
10840955.27;877.55;-94.54;13/10/2017
4668029.59;609.5;863.47;3/4/2017
1460777.92;-55.66;492.31;25/1/2020
8218832.06;-1.39;;25/2/2019
1071702.66;;625.84;19/6/2016
9823641.51;283.73;904.23;5/5/2019
14150224.73;319.56;339.97;30/3/2021
7246569.93;957.88;;31/8/2016
3461978.95;458.84;893.31;21/11/2017
1932294.65;436.52;;17/9/2020
6627205.62;770.39;;2/1/2020
10203159.01;;211.94;24/4/2019
2729399.33;326.76;578.18;17/2/2021
730706.07;750.96;77.39;7/5/2020
14677326.18;820.62;722.07;7/5/2020
13464450.27;;67.33;27/12/2017
8729370.18;525.92;551.99;8/5/2019
4283987.04;669.75;414.53;31/5/2019
4321707.32;38.11;;5/11/2019
13275404.42;528.28;;15/5/2017
6664454.22;619.59;351.25;5/10/2016
5950701.1;720.14;;13/7/2016
6626974.41;642.16;916.19;17/2/2018
14532170.49;-39.41;494.87;19/4/2021
5305797.91;351.18;507.87;7/3/2020
9623856.88;645.52;;18/7/2016
9040335.72;245.3;781.62;20/3/2020
11928934.68;23.0;;25/7/2018
6254329.8;652.7;;1/6/2016
14947022.47;;255.4;17/4/2017
12531961.96;578.98;328.57;25/5/2019
7903934.68;391.31;299.69;5/1/2017
11010976.36;970.55;963.95;31/1/2021
712077.74;-93.64;;5/10/2017
13994464.94;137.76;;25/4/2019
1811528.57;787.08;601.49;6/4/2021
13859357.27;895.54;704.48;2/4/2018
2489221.04;735.91;538.05;22/8/2019
3011856.82;;140.14;29/6/2017
4096497.68;;575.94;28/6/2018
10040428.13;;-87.02;17/7/2020
8224464.77;462.62;168.1;27/10/2020
574559.44;387.16;508.36;17/6/2017
758833.8;107.75;;15/2/2018
7142015.51;;495.41;1/2/2020
4721792.96;-5.29;795.22;13/9/2017
7543359.45;606.41;139.81;21/6/2019
1575799.63;579.82;;23/4/2018
14528333.1;458.53;760.08;23/10/2018
2581618.41;112.45;124.5;7/9/2018
10202672.51;189.0;531.84;16/7/2020
9037262.68;-96.41;528.56;26/2/2017
8656324.01;16.21;213.7;21/6/2017
3989092.01;-83.19;50.24;24/12/2019
7523677.0;-15.19;;15/9/2016
5706856.39;832.53;;1/4/2020
8448377.63;291.36;560.99;7/7/2019
1106088.73;561.73;727.19;11/11/2016
3094252.91;283.4;;18/11/2018
5679425.03;-80.54;;23/7/2016
13908510.03;993.75;143.43;20/9/2018
2083217.42;30.05;494.8;5/8/2020
7908652.72;595.05;971.47;18/11/2020
13061689.57;881.01;394.8;14/4/2021
7780128.44;937.17;839.49;25/4/2017
7270260.57;996.07;-79.23;13/2/2017
8996592.46;78.94;289.98;23/8/2019
2831363.52;442.97;629.16;21/1/2018
8100573.22;518.62;57.6;8/6/2020
6723322.82;761.08;883.62;24/1/2020
9764235.12;666.28;756.33;21/2/2020
14618815.79;423.4;;14/1/2021
5071069.26;389.9;;9/12/2016
3478314.03;512.26;662.91;5/11/2016
6213568.26;;828.0;8/3/2020
4316355.39;588.43;784.58;6/8/2017
722443.54;717.85;617.5;23/11/2020
6333028.46;;450.88;19/1/2019
13583902.0;;544.83;21/1/2018
10124850.51;28.94;;26/12/2016
2698379.68;706.77;;15/6/2018
8257495.47;62.36;-53.77;30/5/2018
12334074.47;28.71;998.13;27/2/2018
4301148.93;-15.76;97.63;23/2/2018
8161835.93;-70.22;250.25;31/5/2016
11547663.61;;21.02;29/12/2018
11795448.61;656.62;301.3;26/3/2017
12760561.99;68.64;;19/4/2017
12563664.39;968.55;42.76;7/12/2016
10180334.49;361.29;995.49;27/11/2018
11130330.85;;936.59;5/10/2018
7286628.91;557.3;992.46;11/11/2020
7034613.72;580.7;180.82;6/10/2016
3873988.04;65.16;332.54;29/4/2021
14556126.5;417.7;492.76;17/9/2016
9366974.55;;368.46;6/4/2020
6111882.36;836.34;984.7;5/4/2019
2501312.78;;355.96;11/2/2018
9477215.75;832.41;993.18;16/5/2018
4250638.09;575.8;328.92;3/5/2016
8728123.61;999.75;266.05;12/2/2018
2861411.62;989.8;282.89;18/5/2017
6046527.74;466.23;969.24;19/1/2021
3654191.83;;-87.96;10/2/2018
8040635.46;;195.67;31/5/2019
7265834.0;787.72;839.92;1/5/2020
9546791.58;;706.71;25/12/2017
12455343.3;422.33;;20/8/2017
8308264.92;488.98;862.05;14/8/2019
12204899.56;595.57;89.74;22/2/2018
6569899.15;804.28;603.32;5/2/2019
3670622.27;294.02;543.84;17/9/2019
8757218.37;725.62;;22/7/2017
8827967.13;101.83;;7/2/2021
9878976.47;323.65;875.61;1/8/2018
7922965.39;;205.92;23/11/2018
3044512.19;580.02;225.8;24/1/2021
9369325.62;;951.83;14/8/2019
1659016.88;432.93;433.59;25/9/2019
6102944.96;185.42;736.31;21/11/2018
11558339.96;806.74;659.34;1/1/2017
4849246.99;151.77;152.88;2/2/2018
5250788.69;523.9;606.46;7/11/2016
14293705.77;;;11/10/2020
6256015.28;;564.57;11/4/2021
14680339.15;;105.46;6/4/2021
5138623.99;373.88;527.79;26/3/2019
3172180.77;;889.76;1/9/2017
11835826.36;213.37;523.25;26/3/2018
2045394.24;193.16;405.57;10/7/2020
2671615.43;544.93;;9/6/2016
8352004.58;-82.35;918.34;10/10/2017
3437895.2;298.52;890.63;2/8/2018
5729179.25;;28.46;30/3/2020
1089393.61;387.94;;17/1/2020
843393.79;578.69;260.6;13/1/2020
12748382.82;596.17;697.21;18/2/2021
11817953.19;642.4;545.31;1/5/2018
12491299.84;366.85;395.13;29/9/2020
10982036.62;;747.99;18/5/2017
12220884.29;57.14;84.98;22/2/2017
8054256.09;141.63;71.69;28/11/2020
6794444.95;216.39;830.22;30/6/2018
3233521.14;62.66;986.05;12/11/2016
3149791.63;-47.07;;5/6/2017
6974272.32;804.71;;2/3/2019
8424712.77;;;11/5/2020
12009598.78;842.86;;24/7/2017
10989946.35;367.66;;10/6/2018
11850791.9;-72.01;398.79;16/1/2020
11077477.85;470.69;912.76;21/8/2017
14651191.47;619.25;92.05;10/6/2016
596863.33;556.97;;25/2/2018
13337013.16;928.45;-18.39;23/11/2019
10526251.62;221.35;706.46;24/12/2020
3753466.32;740.04;743.97;5/9/2019
10006448.31;138.0;397.68;28/9/2020
12380471.01;255.58;233.28;30/1/2019
13438543.72;839.11;443.09;11/6/2016
3026018.98;-31.95;601.2;7/8/2017
1883489.66;306.79;915.35;18/3/2018
1191653.12;186.29;333.44;23/6/2016
3735881.2;57.88;867.49;12/5/2016
4189239.41;673.82;533.97;16/8/2017
8651328.67;342.53;965.71;27/10/2020
9454264.6;312.43;32.59;18/4/2020
14157913.12;20.93;844.76;19/3/2017
7296197.6;864.34;205.7;8/2/2018
599371.41;488.84;204.27;20/3/2020
1749577.11;202.55;531.28;20/9/2020
2931143.76;659.27;373.69;12/10/2020
6114515.02;;538.35;8/5/2017
7829766.53;269.29;;15/12/2016
8363577.78;272.67;78.56;6/5/2020
565128.51;-2.39;989.4;21/1/2020
10189646.66;123.26;136.96;20/1/2020
1800885.82;740.3;;27/12/2020
13631953.14;262.68;940.29;16/12/2018
5574834.67;363.63;512.05;2/4/2021
13035615.72;;;29/8/2020
4813721.82;990.73;427.11;24/2/2021
10871232.39;461.8;51.19;26/6/2016
5522292.01;;;29/4/2017
1679806.23;163.21;311.34;3/4/2018
3238405.93;221.22;90.23;3/10/2019
11254199.06;;750.63;7/3/2018
1831484.33;201.3;;30/3/2017
13181262.67;569.18;;25/6/2017
2978152.39;195.63;697.14;23/7/2019
2518914.57;;343.08;3/6/2019
8349054.5;849.33;;26/6/2017
13629928.68;;912.04;19/8/2018
1081056.61;713.9;524.4;14/11/2016
8991842.27;-3.1;-2.6;23/12/2018
2204734.84;375.56;406.67;10/4/2018
10973566.41;0.12;774.67;17/5/2017
948394.09;348.57;652.19;9/5/2018
2692467.59;558.08;-53.89;3/6/2016
744149.98;980.59;603.61;27/1/2017
13012464.85;454.35;25.45;24/10/2020
4651028.68;;887.44;8/3/2020
1918983.97;667.67;379.06;15/12/2018
1308036.16;298.61;790.3;16/5/2016
10979433.22;;45.33;30/7/2017
1432898.87;;741.36;29/7/2020
14530639.04;;58.36;24/6/2018
5680541.85;892.08;-9.31;21/3/2021
3808299.47;570.13;;9/8/2019
3371632.28;885.15;850.62;25/1/2020
6986596.99;99.68;294.51;1/7/2019
5941922.73;785.36;647.04;10/9/2020
11802417.99;4.44;885.87;26/3/2017
13974910.3;;584.1;17/6/2020
12283652.38;441.04;606.93;6/11/2019
917102.52;575.1;;9/9/2018
650201.6;512.05;931.54;10/2/2021
13602074.82;;515.05;15/4/2017
4233738.85;533.45;840.49;4/3/2019
14340968.15;364.11;236.15;22/10/2020
14276879.65;188.02;920.15;21/12/2017
4163973.43;465.42;801.93;27/2/2021
883822.47;799.28;673.62;20/2/2019
14025518.32;;;22/10/2020
7387554.62;26.94;;9/3/2018
9345950.38;;-98.14;7/11/2019
12483111.42;;491.01;10/10/2016
10122798.56;602.22;52.49;20/10/2017
8803336.25;492.62;906.92;23/12/2018
11466136.47;377.96;57.71;4/10/2017
7147992.97;-79.77;;14/12/2018
14211687.65;861.19;;9/5/2016
13517674.74;696.7;-25.78;21/1/2019
2389931.81;102.56;161.17;25/8/2020
2819006.59;47.65;435.78;14/6/2016
13370672.7;948.51;505.05;9/7/2017
11039575.41;;;26/6/2019
12013101.17;;;21/4/2020
7621534.84;;744.31;31/7/2019
11128401.14;480.21;974.95;20/1/2017
6418961.86;376.62;-97.44;10/2/2021
11997400.35;433.34;523.0;21/12/2016
5375530.54;533.51;541.39;19/8/2017
3509954.76;66.58;719.9;29/9/2019
4110860.54;159.86;689.54;1/5/2019
13751754.15;193.8;410.41;21/2/2021
4844984.44;570.47;353.04;2/6/2016
5796518.21;41.37;688.2;13/6/2020
12512600.62;365.91;132.46;30/12/2016
935176.83;;;19/8/2018
5408034.61;-38.11;500.14;8/6/2016
6595518.38;162.34;617.81;26/1/2018
4017200.1;879.06;410.73;20/12/2017
7153526.32;;876.12;25/5/2017
7841852.4;975.44;;23/5/2016
9209076.68;210.12;-57.78;5/9/2018
2167532.18;;214.18;8/1/2017
6554488.48;87.79;;23/8/2018
9022962.34;;657.65;22/1/2017
2735176.2;354.3;653.33;19/1/2020
12811297.02;;540.19;12/2/2017
3955863.37;472.89;500.36;5/5/2016
13632442.35;688.16;174.46;21/1/2021
6989110.82;190.95;-48.85;19/1/2020
531865.04;-86.92;924.83;21/5/2019
4950279.94;505.3;;1/8/2019
5294111.35;685.52;;25/1/2017
14458409.2;285.25;11.08;26/5/2016
2600412.47;-72.39;66.29;23/7/2018
7186052.79;;401.57;19/5/2017
4169934.7;;929.41;7/8/2017
764243.15;156.31;;2/10/2016
10223958.58;568.54;;19/6/2018
9462942.15;151.43;471.32;4/2/2020
14345152.25;;;15/9/2017
12469258.22;;;14/4/2017
13001201.61;536.44;170.87;2/10/2016
9366814.15;975.6;-10.11;29/7/2017
11745168.01;265.63;764.65;29/3/2021
3129572.88;742.94;230.49;5/1/2020
3355519.03;347.03;277.0;22/10/2018
4181892.51;1.72;115.61;11/12/2018
10289345.26;466.5;614.68;29/12/2018
13315853.53;323.92;713.41;1/12/2020
12839371.71;;;22/1/2019
850578.69;385.79;193.2;26/1/2017
4322527.23;471.17;435.99;4/7/2019
4261428.44;558.32;;10/8/2018
12281346.69;;590.39;2/10/2016
2433648.58;728.29;452.44;19/11/2017
3102619.95;952.85;;5/2/2021
3733551.2;342.14;;9/12/2019
8742508.01;552.56;;15/11/2018
6472216.6;-45.04;;12/5/2016
9979710.53;;249.08;30/9/2018
4687806.35;-46.27;311.82;15/3/2021
3345551.71;755.44;;15/9/2016
11868148.19;-53.9;-84.74;21/11/2016
8954793.07;593.1;655.97;2/3/2017
1700216.86;852.61;835.71;11/5/2019
10110056.25;749.62;208.77;1/9/2019
13087514.69;49.89;417.95;22/11/2018
13484080.46;;515.45;12/5/2018
722391.91;;;16/2/2017
10455886.31;;603.45;5/2/2020
11344739.58;;978.54;3/2/2020
13713177.31;94.21;905.64;23/5/2017
5944007.42;881.65;;1/7/2018
9741100.29;788.41;509.05;21/6/2018
7507301.54;777.96;815.11;1/9/2019
13657139.75;222.9;351.64;26/1/2019
10196199.13;966.48;547.24;21/1/2017
13090861.21;993.45;552.12;7/12/2016
4879126.35;431.28;;24/7/2019
8672714.54;264.61;544.11;18/5/2019
4684202.15;333.99;835.01;2/6/2018
3306158.21;269.68;;23/11/2016
2473245.41;-49.86;93.31;8/9/2016
14709897.57;373.74;19.77;12/2/2017
11538279.59;;774.42;8/5/2016
14888845.39;566.07;232.76;15/3/2020
11001454.77;-53.59;801.4;24/6/2019
11703861.29;;847.7;22/9/2016
11025838.71;196.9;77.86;20/2/2021
1726010.76;545.05;210.66;22/5/2017
9625903.03;242.67;281.28;13/7/2016
620923.0;502.92;405.6;4/8/2018
13267898.17;209.6;522.57;12/12/2018
10161364.68;598.66;419.06;21/9/2020
2216278.97;146.1;284.28;31/10/2019
12655559.96;801.17;373.19;14/6/2020
12159816.84;825.44;642.03;9/3/2020
711283.64;760.39;-29.57;19/7/2019
7443820.71;591.48;;20/4/2018
11189055.46;811.34;20.08;22/3/2017
1221903.22;;;21/9/2017
962324.81;-23.28;971.53;3/12/2018
1357650.11;;443.27;17/11/2019
10069755.54;307.78;682.06;22/12/2020
9921692.24;279.92;;8/5/2017
10636555.95;753.66;908.68;18/9/2016
8752489.25;157.86;772.8;1/2/2021
2610614.87;;587.96;4/2/2020
9549239.7;796.1;-85.4;19/4/2018
2740218.72;495.52;980.32;19/5/2018
12376929.25;269.01;380.12;7/2/2018
1209304.41;24.37;621.2;28/5/2018
5819832.82;683.31;;25/2/2021
932145.54;518.67;589.04;10/7/2018
700899.31;23.48;9.7;26/10/2019
3384674.44;624.78;;21/5/2016
5148277.77;769.32;;25/8/2019
11432003.79;900.24;628.59;5/11/2019
11933688.22;11.24;365.88;5/9/2020
11914598.71;-35.81;190.18;27/8/2016
4342477.19;;26.8;9/10/2017
2432437.03;479.53;794.49;2/3/2020
3146323.0;583.4;583.35;8/10/2018
1132828.34;575.48;;7/1/2017
11460174.46;;;23/4/2018
14584229.56;624.73;115.99;17/4/2019
2359434.57;385.77;57.92;9/11/2018
3219646.06;849.47;431.94;25/2/2018
13094405.0;;878.03;17/2/2019
4963358.22;252.63;709.67;7/11/2017
9406530.07;239.72;-61.56;19/5/2019
10284644.76;81.14;967.5;17/4/2017
14430978.13;-38.19;782.31;4/11/2016
4167183.73;256.06;;1/6/2018
9380579.62;866.65;394.6;15/6/2020
6983523.07;-6.09;644.11;17/1/2018
5129904.19;729.05;287.95;20/7/2020
12166899.76;64.23;563.94;16/3/2018
1644205.98;395.75;;25/10/2019
12051355.43;869.42;333.1;18/1/2021
4597128.55;;644.77;11/12/2020
1955383.68;519.82;661.79;20/8/2018
6882158.8;747.79;577.3;23/11/2018
7436450.98;449.98;584.9;2/1/2017
6340420.44;466.25;32.89;13/11/2017
13785762.98;520.27;3.08;5/2/2018
7473271.45;537.79;955.32;7/8/2016
11955274.43;553.18;865.42;8/8/2019
6637110.99;121.04;581.86;27/4/2021
11857253.91;750.31;506.66;20/4/2020
14130429.1;780.7;348.25;12/10/2018
8559978.28;704.06;827.24;27/9/2017
2700332.55;867.45;;11/11/2020
2362583.03;-33.12;-49.96;19/12/2017
5910209.26;127.84;803.6;26/10/2019
1657448.17;770.96;958.71;11/10/2016
13168769.71;760.33;232.65;16/2/2017
696190.63;748.67;256.16;9/3/2020
4751303.7;795.57;281.22;22/5/2019
1284340.56;395.57;49.92;20/3/2020
10187559.44;936.26;622.29;15/6/2017
11696809.88;305.12;114.38;16/4/2019
4147347.32;954.78;901.68;12/2/2018
9946651.05;-25.19;;22/5/2017
7711530.71;515.58;-88.84;23/2/2019
8451649.24;273.13;958.93;9/9/2018
4843839.61;853.64;218.01;21/12/2020
11313385.97;665.38;882.69;17/5/2018
13313539.97;;206.75;18/6/2019
14601809.3;855.03;335.25;30/1/2018
1955762.93;;30.29;6/5/2018
2616190.84;540.43;;22/8/2020
14860742.02;948.28;904.63;11/6/2018
4062717.54;;;12/4/2017
6330499.51;963.54;220.91;10/11/2018
3389415.73;67.11;401.29;19/6/2017
4756376.11;528.44;;11/9/2020
2470610.12;-81.82;764.23;18/11/2017
13620133.62;105.8;526.82;30/5/2017
12237253.48;828.98;579.15;20/5/2017
8453664.88;661.18;;25/5/2017
11454056.89;24.58;943.4;21/11/2016
3960276.39;-77.16;415.36;4/1/2019
5542225.48;225.75;54.02;24/11/2018
14703335.19;679.7;;24/9/2018
11762391.72;228.88;296.42;17/3/2018
10854471.64;42.27;249.74;22/5/2016
5530819.02;26.82;865.04;23/11/2018
1160977.63;34.43;503.94;5/1/2018
5253394.56;886.49;573.83;20/4/2021
8290113.06;;;11/7/2017
5500316.76;999.5;375.14;8/10/2020
2880332.83;670.23;710.06;10/10/2018
2764646.1;412.06;705.18;16/7/2018
4945074.0;347.63;;7/10/2018
9895214.53;-55.46;8.92;15/8/2019
8241101.62;787.94;235.24;1/6/2018
4705100.98;;600.2;2/7/2019
5920683.19;-50.28;91.56;9/12/2019
14115133.1;8.78;117.37;20/6/2016
4762065.0;;525.53;4/8/2018
7341162.58;842.38;144.46;5/10/2016
1399316.1;;256.84;21/8/2020
3630747.29;333.08;209.86;27/9/2016
13166005.75;124.82;;29/1/2020
6690998.54;;21.59;7/6/2016
5076892.66;-82.59;256.87;26/6/2020
14682617.47;-69.43;40.53;3/3/2021
9944625.79;602.92;927.08;21/12/2016
4238757.01;932.44;-65.29;12/8/2019
8700772.85;712.39;924.27;5/11/2020
2783575.71;332.33;194.33;17/7/2020
11807028.06;;531.72;28/1/2017
12402824.05;755.87;170.56;15/7/2019
7647647.11;802.25;107.57;31/5/2018
8266693.85;544.23;734.48;2/4/2017
6626997.37;649.14;484.52;18/3/2020
1994364.35;579.76;630.62;9/11/2017
10799209.7;581.33;;21/12/2018
1360399.36;;;6/6/2017
11262915.74;;;4/3/2020
4592003.64;188.69;696.85;22/8/2019
9997722.56;252.18;;5/11/2018
10496056.78;83.31;625.4;3/12/2016
10317531.06;;936.03;4/12/2018
9152220.25;448.14;-69.96;8/6/2018
3572398.61;860.84;107.68;12/4/2019
14531083.63;22.42;310.2;5/5/2020
13606847.78;343.94;866.57;21/3/2021
9059285.13;418.81;;10/2/2017
11195145.79;;205.03;7/12/2018
10534358.47;;875.38;2/2/2020
6765655.81;873.85;;6/8/2019
5623159.23;866.26;108.09;22/8/2016
3433094.32;211.33;816.19;12/3/2021
7726066.38;814.81;349.52;18/7/2017
2665569.04;591.22;636.88;8/3/2017
8396843.95;758.74;;28/2/2021
9635220.32;16.88;504.08;19/7/2018
8656196.29;21.04;765.42;4/7/2020
1783880.4;989.57;452.08;2/5/2020
3392532.45;839.1;495.1;31/1/2018
14162784.21;-30.04;;28/3/2021
3922034.17;175.48;312.42;11/2/2018
4014921.7;-78.1;618.94;30/1/2020
7635913.88;322.61;-49.51;23/11/2020
2314713.57;781.36;;18/11/2017
11324736.61;;648.52;7/1/2018
6022496.65;400.94;-98.07;24/1/2018
987748.48;;184.82;5/4/2019
3560404.24;;;28/1/2020
6459222.92;62.49;786.9;2/5/2016
9307021.0;356.28;;15/5/2018
6644948.78;;;1/6/2017
9986666.49;37.34;-98.56;20/12/2018
13796761.05;;;23/12/2019
2771332.36;589.17;77.85;4/3/2018
5995730.2;84.91;;11/8/2020
6150886.94;528.71;886.22;23/7/2018
4323773.94;390.69;;4/6/2018
3944564.7;474.23;612.56;22/2/2017
4484197.63;;270.96;28/4/2019
7631426.73;630.04;-91.88;21/5/2017
11715978.02;888.61;935.04;13/11/2017
10066607.69;713.79;463.1;18/4/2020
682979.45;408.29;;30/5/2017
6264549.51;813.0;268.29;16/3/2021
11201818.17;507.73;;29/5/2017
4068554.27;988.52;367.86;18/7/2020
14209584.17;125.74;378.55;5/2/2019
4126151.21;392.35;;16/11/2020
8241074.05;893.0;484.19;25/6/2019
9192646.48;464.02;;6/10/2016
6222933.79;328.33;995.14;23/4/2021
5690578.31;298.89;;20/4/2018
4927917.98;224.59;873.8;19/1/2017
12120448.85;373.88;290.23;6/9/2016
10017966.36;975.44;399.61;10/5/2017
2270992.54;813.92;;27/1/2021
10680778.98;247.15;672.82;22/6/2019
1305281.78;195.02;79.78;4/4/2020
8980372.01;806.18;482.71;21/9/2016
4784334.39;;232.25;9/2/2020
1321127.37;210.12;554.06;18/2/2020
7174274.42;;109.35;1/3/2020
1693828.05;;406.34;17/6/2020
11653631.88;526.59;;4/11/2018
13750547.29;739.82;;8/1/2018
5547893.04;424.55;990.15;9/5/2019
13599283.66;;747.17;29/12/2020
3980834.5;-83.45;268.04;11/9/2018
7822816.78;;690.18;2/4/2017
6739044.51;515.84;426.82;2/6/2018
4808930.96;407.24;;19/6/2020
10933432.1;185.06;290.11;31/10/2017
3916577.8;970.71;618.72;29/1/2021
2975831.23;580.12;119.3;4/1/2018
5827219.65;246.61;393.22;3/6/2019
10391629.9;516.48;;3/2/2018
1970312.56;560.94;56.55;23/1/2021
9844709.82;973.03;-73.19;30/12/2020
7378711.55;809.93;-51.54;6/5/2017
10987776.72;254.31;;24/1/2018
6007169.89;226.5;462.12;29/7/2018
13413910.83;384.15;949.49;22/3/2017
2498241.46;-81.53;141.03;31/3/2019
3863639.98;432.97;353.11;2/6/2017
10400328.0;380.57;-78.28;1/1/2019
3499674.12;;727.42;13/5/2017
13508037.7;670.08;545.71;15/5/2020
7150672.94;-44.98;;18/7/2020
8313859.4;-47.23;689.22;20/3/2021
13729559.04;682.86;315.61;8/12/2018
3207973.87;891.61;714.37;25/6/2020
8667139.46;;558.55;12/11/2016
2025740.46;;;20/12/2020
14674502.87;845.72;395.63;20/2/2020
4818923.8;314.23;;24/1/2020
3054461.11;920.4;34.57;6/8/2016
5157062.27;714.03;766.26;18/8/2019
970733.16;838.44;276.6;8/2/2020
14231177.74;;257.96;10/1/2019
9816271.95;640.37;964.57;1/9/2017
1360958.85;31.62;-98.5;17/9/2016
5277578.26;526.31;-98.07;14/1/2018
1011778.78;703.42;;27/8/2016
3571212.29;;905.77;24/12/2016
4313239.55;213.9;;26/10/2020
10890152.99;919.46;637.61;21/7/2018
14952837.38;138.28;235.12;20/3/2021
12011549.64;420.92;;16/8/2017
1766997.61;976.54;-51.56;19/6/2016
6571043.74;394.42;793.81;10/4/2017
7349165.4;238.3;;21/2/2017
9559344.56;745.53;936.53;11/7/2019
11994272.54;;203.74;14/11/2018
5210081.2;416.76;997.94;3/5/2018
4457911.25;;;27/6/2019
3290537.94;-86.5;294.34;12/3/2021
5057831.22;137.22;592.48;31/5/2018
6828980.96;901.5;492.76;10/10/2016
10450716.69;157.11;513.47;10/5/2016
3632498.63;700.49;255.79;15/10/2020
6867505.1;774.18;-99.54;10/6/2018
10905628.59;;531.74;15/2/2020
14462334.3;184.27;430.28;22/12/2020
12857240.43;820.84;-82.68;12/5/2016
10534468.28;109.48;106.07;13/11/2017
11186832.14;;109.21;2/10/2016
11627133.7;-49.85;532.45;20/8/2016
6194357.25;295.32;572.34;27/10/2018
7540223.04;469.47;397.94;11/2/2021
14772409.68;988.29;526.46;21/3/2019
8975127.31;163.3;;16/7/2017
1307465.41;-96.53;867.63;30/5/2020
10375891.86;160.66;127.56;27/5/2017
13698491.8;967.41;733.81;1/5/2020
5775649.85;;630.81;27/1/2017
6477358.95;908.21;;2/1/2021
13662244.52;;;17/10/2019
12377426.76;347.52;477.89;13/2/2020
11634441.57;325.29;836.26;18/2/2018
533628.72;968.41;393.23;9/11/2018
7464940.38;711.54;991.55;2/9/2017
12607231.49;885.49;-99.94;1/3/2018
2600604.34;382.95;182.62;27/6/2017
13648493.68;980.08;;27/1/2020
706210.03;;61.2;30/10/2017
7287717.86;592.75;868.83;14/5/2019
8990550.44;;567.69;7/1/2021
13459815.97;399.73;941.22;2/8/2018
5940289.03;299.67;390.98;7/10/2017
8296609.71;213.29;98.28;26/1/2021
7457236.06;645.25;569.44;22/5/2020
11660749.22;321.16;466.07;17/1/2018
10107195.81;666.84;-19.29;5/3/2018
11502067.14;342.45;692.38;16/5/2019
587555.17;75.14;671.67;16/11/2017
14982986.31;989.57;976.61;2/9/2018
2355112.85;458.75;659.46;1/6/2018
6476301.84;;456.41;23/10/2019
12062267.0;679.06;162.3;24/9/2019
12475363.29;748.17;597.84;22/6/2017
7183347.31;866.07;481.34;3/9/2016
14510326.69;;691.22;11/8/2016
11776548.86;674.7;6.44;23/7/2018
9332316.76;;;26/3/2020
6962067.57;507.05;226.53;23/11/2019
4548692.39;171.65;;23/4/2021
3293014.06;897.85;779.81;20/1/2018
3613479.15;140.6;23.16;16/3/2020
10111442.36;155.24;357.85;29/11/2016
2401503.42;;;4/2/2019
14538059.71;221.72;854.37;17/1/2018
12583858.57;640.07;362.17;17/6/2020
13919599.07;797.94;;13/10/2018
9920536.99;522.78;966.81;8/11/2018
2356312.43;;761.77;26/4/2017
10052531.74;;;8/3/2019
3498500.25;750.07;370.46;21/10/2019
12333921.13;745.59;413.36;19/4/2021
3310797.14;418.6;862.49;12/10/2020
5634862.07;478.21;128.43;1/10/2020
3818107.65;919.19;202.35;7/5/2019
2244206.32;672.05;360.76;22/12/2017
3594494.4;858.46;75.84;7/8/2016
10920261.41;258.21;;11/10/2017
13129955.89;498.6;225.51;26/3/2018
11332005.84;;969.1;17/8/2020
2229860.65;925.9;208.31;26/7/2019
6334716.2;678.23;28.2;28/6/2020
9170769.0;697.78;213.9;31/7/2020
5592981.15;293.78;25.09;18/8/2017
11838772.09;;505.49;23/7/2017
11589425.01;91.37;;2/4/2019
13458062.55;751.23;651.67;19/2/2017
11084841.31;930.95;298.61;2/2/2021
4721920.71;;-73.81;23/10/2018
5708634.28;858.61;-53.66;28/9/2016
12912641.49;290.9;-60.9;29/7/2019
860302.14;82.68;622.55;15/10/2018
1182600.04;;666.84;17/3/2021
10805989.57;959.08;983.09;18/3/2019
14968639.59;585.67;;24/5/2019
10062752.66;818.08;260.63;25/3/2018
2424541.26;;994.53;16/10/2017
6705266.05;;;4/5/2020
10155400.39;;166.95;24/8/2020
9590931.47;931.11;;3/9/2020
2683250.67;109.07;843.69;3/1/2019
2345436.97;;737.57;27/12/2020
2959292.42;721.42;97.87;11/12/2019
4993431.58;;;6/11/2019
7753424.4;918.89;22.29;18/5/2016
5183878.09;;-85.59;27/3/2018
10821872.07;846.04;273.16;19/4/2020
11044734.53;720.48;;27/10/2016
2402521.34;474.38;109.92;20/7/2017
8901051.16;964.17;;3/12/2019
5395943.68;26.49;624.37;7/3/2021
13861464.72;912.69;943.86;11/4/2019
13788953.16;-47.52;899.5;30/6/2018
14837451.19;;774.42;1/2/2018
14615214.62;;545.2;13/10/2020
3559771.24;75.94;312.16;13/11/2018
670491.97;302.79;57.12;5/7/2016
2374218.51;;;21/5/2016
8198197.59;787.82;;8/3/2020
11421741.76;11.34;410.97;23/1/2020
13690559.93;-34.38;532.61;18/6/2018
517941.25;947.96;;28/6/2018
3761742.35;889.4;154.9;5/5/2017
502832.77;812.62;143.98;7/3/2019
2363345.04;7.86;165.92;6/7/2016
3217635.45;167.18;;6/3/2021
10287201.99;;964.18;5/7/2020
2957732.79;311.98;670.69;23/5/2019
13045049.32;637.49;;4/3/2018
11835439.52;434.46;556.64;12/2/2021
14877402.89;151.23;776.91;14/11/2017
3053956.38;730.4;421.08;3/12/2020
8714951.07;-56.15;964.33;4/8/2018
12559790.51;899.84;809.94;6/1/2019
10972547.75;105.49;388.39;21/4/2017
8339584.88;960.52;;28/9/2016
4583111.23;239.79;625.88;29/6/2020
3474974.63;416.67;746.74;2/12/2019
7055678.12;;;18/1/2019
13415959.48;822.38;-61.12;17/3/2018
12673624.22;764.08;439.15;2/2/2017
10143612.49;853.5;;16/4/2019
5030480.69;861.57;541.94;15/3/2021
918704.96;898.82;315.7;1/3/2020
9063444.63;89.53;250.92;5/11/2019
13333164.24;;198.73;27/6/2019
2316478.34;-35.69;216.91;22/5/2016
10207200.15;559.31;684.51;30/7/2016
14306042.23;75.04;853.57;17/3/2021
5995984.24;380.0;569.37;14/6/2017
1082800.95;606.57;;22/9/2017
1241313.69;;-75.55;5/4/2019
13469524.43;;680.14;28/1/2017
10870769.07;989.0;256.7;23/7/2019
891586.54;655.56;545.5;31/12/2020
6276701.45;943.4;831.12;13/6/2020
8330666.78;212.77;224.1;16/9/2017
9031016.92;;190.08;11/4/2021
984864.28;632.07;995.51;22/8/2020
7751671.78;255.16;999.14;31/1/2019
14627123.12;775.52;412.81;8/1/2018
1925749.39;-67.91;373.32;3/2/2017
13948994.67;312.82;;3/2/2021
3497655.83;494.49;;2/6/2016
14176246.79;108.88;814.25;12/11/2020
11824531.75;;445.57;10/6/2019
3246645.17;880.23;885.76;21/4/2019
8521735.13;635.03;191.7;31/10/2016
1052296.17;;-72.61;24/4/2019
9214192.53;147.68;804.05;12/12/2017
10797495.58;;;12/4/2021
12835664.34;648.87;387.16;13/4/2019
5316258.52;21.53;-87.91;16/4/2017
2588479.65;;646.25;11/4/2020
1400907.72;728.3;153.46;30/11/2017
8496843.45;790.45;;26/11/2019
10370974.88;269.57;;15/6/2017
12126611.07;-49.18;496.59;29/8/2016
5660150.24;331.89;516.74;2/1/2019
9343126.84;877.01;538.75;5/4/2018
3805327.63;;294.13;8/12/2017
1809174.05;389.22;396.97;25/1/2017
